url,category,page_number,listing_url,source
https://www.bbc.com/somali/articles/cwy8nwr22w8o,siyaasadd,1,https://www.bbc.com/somali/topics/cwr9jry737xt?page=1,BBC Somali
https://www.bbc.com/somali/articles/cdx4d1269r0o,siyaasadd,1,https://www.bbc.com/somali/topics/cwr9jry737xt?page=1,BBC Somali
https://www.bbc.com/somali/articles/c5y2r9dylpno,siyaasadd,1,https://www.bbc.com/somali/topics/cwr9jry737xt?page=1,BBC Somali
https://www.bbc.com/somali/articles/c78lz73w1ngo,siyaasadd,1,https://www.bbc.com/somali/topics/cwr9jry737xt?page=1,BBC Somali
https://www.bbc.com/somali/articles/cze0lkwjj48o,siyaasadd,1,https://www.bbc.com/somali/topics/cwr9jry737xt?page=1,BBC Somali
https://www.bbc.com/somali/articles/cg7388dkm3po,siyaasadd,1,https://www.bbc.com/somali/topics/cwr9jry737xt?page=1,BBC Somali
https://www.bbc.com/somali/articles/c4grjjll5ljo,siyaasadd,1,https://www.bbc.com/somali/topics/cwr9jry737xt?page=1,BBC Somali
https://www.bbc.com/somali/articles/c3ewjklq7j5o,siyaasadd,1,https://www.bbc.com/somali/topics/cwr9jry737xt?page=1,BBC Somali
https://www.bbc.com/somali/articles/c0j5346n83go,siyaasadd,1,https://www.bbc.com/somali/topics/cwr9jry737xt?page=1,BBC Somali
https://www.bbc.com/somali/articles/cx24j1w2vx3o,siyaasadd,1,https://www.bbc.com/somali/topics/cwr9jry737xt?page=1,BBC Somali
https://www.bbc.com/somali/articles/cwy8kj13k7do,siyaasadd,1,https://www.bbc.com/somali/topics/cwr9jry737xt?page=1,BBC Somali
https://www.bbc.com/somali/articles/c5yvvjw74zqo,siyaasadd,1,https://www.bbc.com/somali/topics/cwr9jry737xt?page=1,BBC Somali
https://www.bbc.com/somali/articles/cd9g94x2gvno,siyaasadd,1,https://www.bbc.com/somali/topics/cwr9jry737xt?page=1,BBC Somali
https://www.bbc.com/somali/articles/cwy6z95rpe7o,siyaasadd,1,https://www.bbc.com/somali/topics/cwr9jry737xt?page=1,BBC Somali
https://www.bbc.com/somali/articles/c78vq2412g1o,siyaasadd,1,https://www.bbc.com/somali/topics/cwr9jry737xt?page=1,BBC Somali
https://www.bbc.com/somali/articles/cwy8yx0z741o,siyaasadd,1,https://www.bbc.com/somali/topics/cwr9jry737xt?page=1,BBC Somali
https://www.bbc.com/somali/articles/c8d5dd4l0ryo,siyaasadd,1,https://www.bbc.com/somali/topics/cwr9jry737xt?page=1,BBC Somali
https://www.bbc.com/somali/articles/c9qpz29nev2o,siyaasadd,1,https://www.bbc.com/somali/topics/cwr9jry737xt?page=1,BBC Somali
https://www.bbc.com/somali/articles/cy9g81x33gxo,siyaasadd,1,https://www.bbc.com/somali/topics/cwr9jry737xt?page=1,BBC Somali
https://www.bbc.com/somali/articles/c6264pj1q3go,siyaasadd,1,https://www.bbc.com/somali/topics/cwr9jry737xt?page=1,BBC Somali
https://www.bbc.com/somali/articles/c4gxz2rx2x9o,siyaasadd,1,https://www.bbc.com/somali/topics/cwr9jry737xt?page=1,BBC Somali
https://www.bbc.com/somali/articles/cvgkk4vpnrko,siyaasadd,1,https://www.bbc.com/somali/topics/cwr9jry737xt?page=1,BBC Somali
https://www.bbc.com/somali/articles/c78v8vzwgjyo,siyaasadd,1,https://www.bbc.com/somali/topics/cwr9jry737xt?page=1,BBC Somali
https://www.bbc.com/somali/articles/c5yx92lv1z4o,siyaasadd,1,https://www.bbc.com/somali/topics/cwr9jry737xt?page=1,BBC Somali
https://www.bbc.com/somali/articles/c0q4ldlw22jo,siyaasadd,2,https://www.bbc.com/somali/topics/cwr9jry737xt?page=2,BBC Somali
https://www.bbc.com/somali/articles/cp9j0jgxp9go,siyaasadd,2,https://www.bbc.com/somali/topics/cwr9jry737xt?page=2,BBC Somali
https://www.bbc.com/somali/articles/c058qndz7jzo,siyaasadd,2,https://www.bbc.com/somali/topics/cwr9jry737xt?page=2,BBC Somali
https://www.bbc.com/somali/articles/c0q448q11n7o,siyaasadd,2,https://www.bbc.com/somali/topics/cwr9jry737xt?page=2,BBC Somali
https://www.bbc.com/somali/articles/c3dmk358538o,siyaasadd,2,https://www.bbc.com/somali/topics/cwr9jry737xt?page=2,BBC Somali
https://www.bbc.com/somali/articles/c62v3ypvl14o,siyaasadd,2,https://www.bbc.com/somali/topics/cwr9jry737xt?page=2,BBC Somali
https://www.bbc.com/somali/articles/c17zqzql7jlo,siyaasadd,2,https://www.bbc.com/somali/topics/cwr9jry737xt?page=2,BBC Somali
https://www.bbc.com/somali/articles/c9vxxww1xl7o,siyaasadd,2,https://www.bbc.com/somali/topics/cwr9jry737xt?page=2,BBC Somali
https://www.bbc.com/somali/articles/cx2xgk1pvweo,siyaasadd,2,https://www.bbc.com/somali/topics/cwr9jry737xt?page=2,BBC Somali
https://www.bbc.com/somali/articles/cy59pvnv76ro,siyaasadd,2,https://www.bbc.com/somali/topics/cwr9jry737xt?page=2,BBC Somali
https://www.bbc.com/somali/articles/c23ey980j8lo,siyaasadd,2,https://www.bbc.com/somali/topics/cwr9jry737xt?page=2,BBC Somali
https://www.bbc.com/somali/articles/c741gkgyejjo,siyaasadd,2,https://www.bbc.com/somali/topics/cwr9jry737xt?page=2,BBC Somali
https://www.bbc.com/somali/articles/c62vz5m3myeo,siyaasadd,2,https://www.bbc.com/somali/topics/cwr9jry737xt?page=2,BBC Somali
https://www.bbc.com/somali/articles/cly9705d46ro,siyaasadd,2,https://www.bbc.com/somali/topics/cwr9jry737xt?page=2,BBC Somali
https://www.bbc.com/somali/articles/clyk5pyydk2o,siyaasadd,2,https://www.bbc.com/somali/topics/cwr9jry737xt?page=2,BBC Somali
https://www.bbc.com/somali/articles/cvgrzrzpnk2o,siyaasadd,2,https://www.bbc.com/somali/topics/cwr9jry737xt?page=2,BBC Somali
https://www.bbc.com/somali/articles/c20znpljn0no,siyaasadd,2,https://www.bbc.com/somali/topics/cwr9jry737xt?page=2,BBC Somali
https://www.bbc.com/somali/articles/clyejjjg445o,siyaasadd,2,https://www.bbc.com/somali/topics/cwr9jry737xt?page=2,BBC Somali
https://www.bbc.com/somali/articles/c3dm83d3gkzo,siyaasadd,2,https://www.bbc.com/somali/topics/cwr9jry737xt?page=2,BBC Somali
https://www.bbc.com/somali/articles/c5y21z3v9l2o,siyaasadd,2,https://www.bbc.com/somali/topics/cwr9jry737xt?page=2,BBC Somali
https://www.bbc.com/somali/articles/cgmnr0wn3mko,siyaasadd,2,https://www.bbc.com/somali/topics/cwr9jry737xt?page=2,BBC Somali
https://www.bbc.com/somali/articles/c0ke3670pg1o,siyaasadd,2,https://www.bbc.com/somali/topics/cwr9jry737xt?page=2,BBC Somali
https://www.bbc.com/somali/articles/c78vv9399w3o,siyaasadd,2,https://www.bbc.com/somali/topics/cwr9jry737xt?page=2,BBC Somali
https://www.bbc.com/somali/articles/c5yqn1ln828o,siyaasadd,2,https://www.bbc.com/somali/topics/cwr9jry737xt?page=2,BBC Somali
https://www.bbc.com/somali/articles/cvgkvxv5y08o,siyaasadd,3,https://www.bbc.com/somali/topics/cwr9jry737xt?page=3,BBC Somali
https://www.bbc.com/somali/articles/c77zpl2x182o,siyaasadd,3,https://www.bbc.com/somali/topics/cwr9jry737xt?page=3,BBC Somali
https://www.bbc.com/somali/articles/cd7r1d740w0o,siyaasadd,3,https://www.bbc.com/somali/topics/cwr9jry737xt?page=3,BBC Somali
https://www.bbc.com/somali/articles/cly371n0kgno,siyaasadd,3,https://www.bbc.com/somali/topics/cwr9jry737xt?page=3,BBC Somali
https://www.bbc.com/somali/articles/cqx3lwez3dgo,siyaasadd,3,https://www.bbc.com/somali/topics/cwr9jry737xt?page=3,BBC Somali
https://www.bbc.com/somali/articles/c5y9w7wde2go,siyaasadd,3,https://www.bbc.com/somali/topics/cwr9jry737xt?page=3,BBC Somali
https://www.bbc.com/somali/articles/c4gk7exxr82o,siyaasadd,3,https://www.bbc.com/somali/topics/cwr9jry737xt?page=3,BBC Somali
https://www.bbc.com/somali/articles/c89132ezqqwo,siyaasadd,3,https://www.bbc.com/somali/topics/cwr9jry737xt?page=3,BBC Somali
https://www.bbc.com/somali/articles/c0r9zk05lxxo,siyaasadd,3,https://www.bbc.com/somali/topics/cwr9jry737xt?page=3,BBC Somali
https://www.bbc.com/somali/articles/ce3kew0jv03o,siyaasadd,3,https://www.bbc.com/somali/topics/cwr9jry737xt?page=3,BBC Somali
https://www.bbc.com/somali/articles/cp3dg2j045xo,siyaasadd,3,https://www.bbc.com/somali/topics/cwr9jry737xt?page=3,BBC Somali
https://www.bbc.com/somali/articles/c1w94g3wpj1o,siyaasadd,3,https://www.bbc.com/somali/topics/cwr9jry737xt?page=3,BBC Somali
https://www.bbc.com/somali/articles/c5yp46xdkpko,siyaasadd,3,https://www.bbc.com/somali/topics/cwr9jry737xt?page=3,BBC Somali
https://www.bbc.com/somali/articles/cy0y2gwdznko,siyaasadd,3,https://www.bbc.com/somali/topics/cwr9jry737xt?page=3,BBC Somali
https://www.bbc.com/somali/articles/ce8gj10lw51o,siyaasadd,3,https://www.bbc.com/somali/topics/cwr9jry737xt?page=3,BBC Somali
https://www.bbc.com/somali/articles/ckg4rlkv3veo,siyaasadd,3,https://www.bbc.com/somali/topics/cwr9jry737xt?page=3,BBC Somali
https://www.bbc.com/somali/articles/c04v334ee7wo,siyaasadd,3,https://www.bbc.com/somali/topics/cwr9jry737xt?page=3,BBC Somali
https://www.bbc.com/somali/articles/cn7k854z31yo,siyaasadd,3,https://www.bbc.com/somali/topics/cwr9jry737xt?page=3,BBC Somali
https://www.bbc.com/somali/articles/c0rpj0n9llqo,siyaasadd,3,https://www.bbc.com/somali/topics/cwr9jry737xt?page=3,BBC Somali
https://www.bbc.com/somali/articles/cd7423xz8rxo,siyaasadd,3,https://www.bbc.com/somali/topics/cwr9jry737xt?page=3,BBC Somali
https://www.bbc.com/somali/articles/cvg8kdgdppjo,siyaasadd,3,https://www.bbc.com/somali/topics/cwr9jry737xt?page=3,BBC Somali
https://www.bbc.com/somali/articles/c5yj0xzg9pxo,siyaasadd,3,https://www.bbc.com/somali/topics/cwr9jry737xt?page=3,BBC Somali
https://www.bbc.com/somali/articles/cj3zkx8mye5o,siyaasadd,3,https://www.bbc.com/somali/topics/cwr9jry737xt?page=3,BBC Somali
https://www.bbc.com/somali/articles/c1j9858w1p1o,siyaasadd,3,https://www.bbc.com/somali/topics/cwr9jry737xt?page=3,BBC Somali
https://www.bbc.com/somali/articles/ckgy3vk9yx5o,siyaasadd,4,https://www.bbc.com/somali/topics/cwr9jry737xt?page=4,BBC Somali
https://www.bbc.com/somali/articles/cre508wdwn5o,siyaasadd,4,https://www.bbc.com/somali/topics/cwr9jry737xt?page=4,BBC Somali
https://www.bbc.com/somali/articles/cx275rg17l1o,siyaasadd,4,https://www.bbc.com/somali/topics/cwr9jry737xt?page=4,BBC Somali
https://www.bbc.com/somali/articles/cj4yj97gpzqo,siyaasadd,4,https://www.bbc.com/somali/topics/cwr9jry737xt?page=4,BBC Somali
https://www.bbc.com/somali/articles/cly939n178xo,siyaasadd,4,https://www.bbc.com/somali/topics/cwr9jry737xt?page=4,BBC Somali
https://www.bbc.com/somali/articles/cp8y2n06339o,siyaasadd,4,https://www.bbc.com/somali/topics/cwr9jry737xt?page=4,BBC Somali
https://www.bbc.com/somali/articles/c15k1283ln7o,siyaasadd,4,https://www.bbc.com/somali/topics/cwr9jry737xt?page=4,BBC Somali
https://www.bbc.com/somali/articles/c1wg4d5pw23o,siyaasadd,4,https://www.bbc.com/somali/topics/cwr9jry737xt?page=4,BBC Somali
https://www.bbc.com/somali/articles/cx2x1dlvvkyo,siyaasadd,4,https://www.bbc.com/somali/topics/cwr9jry737xt?page=4,BBC Somali
https://www.bbc.com/somali/articles/c24l7e72dzgo,siyaasadd,4,https://www.bbc.com/somali/topics/cwr9jry737xt?page=4,BBC Somali
https://www.bbc.com/somali/articles/cqje7w1vngwo,siyaasadd,4,https://www.bbc.com/somali/topics/cwr9jry737xt?page=4,BBC Somali
https://www.bbc.com/somali/articles/cg5e0d15d66o,siyaasadd,4,https://www.bbc.com/somali/topics/cwr9jry737xt?page=4,BBC Somali
https://www.bbc.com/somali/articles/c74j10yygdro,siyaasadd,4,https://www.bbc.com/somali/topics/cwr9jry737xt?page=4,BBC Somali
https://www.bbc.com/somali/articles/ckg12g4nw4eo,siyaasadd,4,https://www.bbc.com/somali/topics/cwr9jry737xt?page=4,BBC Somali
https://www.bbc.com/somali/articles/cj07q6e1y9po,siyaasadd,4,https://www.bbc.com/somali/topics/cwr9jry737xt?page=4,BBC Somali
https://www.bbc.com/somali/articles/cz7plpn0plzo,siyaasadd,4,https://www.bbc.com/somali/topics/cwr9jry737xt?page=4,BBC Somali
https://www.bbc.com/somali/articles/c4gkwddzd55o,siyaasadd,4,https://www.bbc.com/somali/topics/cwr9jry737xt?page=4,BBC Somali
https://www.bbc.com/somali/articles/cgmzxkr7792o,siyaasadd,4,https://www.bbc.com/somali/topics/cwr9jry737xt?page=4,BBC Somali
https://www.bbc.com/somali/articles/clydzmne9nxo,siyaasadd,4,https://www.bbc.com/somali/topics/cwr9jry737xt?page=4,BBC Somali
https://www.bbc.com/somali/articles/cx2pe6pj2m7o,siyaasadd,4,https://www.bbc.com/somali/topics/cwr9jry737xt?page=4,BBC Somali
https://www.bbc.com/somali/articles/ckg2j9epdd0o,siyaasadd,4,https://www.bbc.com/somali/topics/cwr9jry737xt?page=4,BBC Somali
https://www.bbc.com/somali/articles/cj07q58zg41o,siyaasadd,4,https://www.bbc.com/somali/topics/cwr9jry737xt?page=4,BBC Somali
https://www.bbc.com/somali/articles/c1j8nrwk672o,siyaasadd,4,https://www.bbc.com/somali/topics/cwr9jry737xt?page=4,BBC Somali
https://www.bbc.com/somali/articles/czdrr010r9jo,siyaasadd,4,https://www.bbc.com/somali/topics/cwr9jry737xt?page=4,BBC Somali
https://www.bbc.com/somali/articles/c4g3w8v90gno,siyaasadd,5,https://www.bbc.com/somali/topics/cwr9jry737xt?page=5,BBC Somali
https://www.bbc.com/somali/articles/c39zdvdrry0o,siyaasadd,5,https://www.bbc.com/somali/topics/cwr9jry737xt?page=5,BBC Somali
https://www.bbc.com/somali/articles/cy8nvl2kjepo,siyaasadd,5,https://www.bbc.com/somali/topics/cwr9jry737xt?page=5,BBC Somali
https://www.bbc.com/somali/articles/clyrgen0dw1o,siyaasadd,5,https://www.bbc.com/somali/topics/cwr9jry737xt?page=5,BBC Somali
https://www.bbc.com/somali/articles/cdj97x9y8kxo,siyaasadd,5,https://www.bbc.com/somali/topics/cwr9jry737xt?page=5,BBC Somali
https://www.bbc.com/somali/articles/c4gd6pq129mo,siyaasadd,5,https://www.bbc.com/somali/topics/cwr9jry737xt?page=5,BBC Somali
https://www.bbc.com/somali/articles/c5y7ggzr5kxo,siyaasadd,5,https://www.bbc.com/somali/topics/cwr9jry737xt?page=5,BBC Somali
https://www.bbc.com/somali/articles/c4gdm8ngz7ro,siyaasadd,5,https://www.bbc.com/somali/topics/cwr9jry737xt?page=5,BBC Somali
https://www.bbc.com/somali/articles/cz604pg55e4o,siyaasadd,5,https://www.bbc.com/somali/topics/cwr9jry737xt?page=5,BBC Somali
https://www.bbc.com/somali/articles/cn0w01n87ljo,siyaasadd,5,https://www.bbc.com/somali/topics/cwr9jry737xt?page=5,BBC Somali
https://www.bbc.com/somali/articles/cd9jw15g31wo,siyaasadd,5,https://www.bbc.com/somali/topics/cwr9jry737xt?page=5,BBC Somali
https://www.bbc.com/somali/articles/c62dd5z82r2o,siyaasadd,5,https://www.bbc.com/somali/topics/cwr9jry737xt?page=5,BBC Somali
https://www.bbc.com/somali/articles/cn843gqwxeqo,siyaasadd,5,https://www.bbc.com/somali/topics/cwr9jry737xt?page=5,BBC Somali
https://www.bbc.com/somali/articles/cn92430g98ro,siyaasadd,5,https://www.bbc.com/somali/topics/cwr9jry737xt?page=5,BBC Somali
https://www.bbc.com/somali/articles/cdx0k4gqrdko,siyaasadd,5,https://www.bbc.com/somali/topics/cwr9jry737xt?page=5,BBC Somali
https://www.bbc.com/somali/articles/crlzlleprdlo,siyaasadd,5,https://www.bbc.com/somali/topics/cwr9jry737xt?page=5,BBC Somali
https://www.bbc.com/somali/articles/cr78yy4g7kro,siyaasadd,5,https://www.bbc.com/somali/topics/cwr9jry737xt?page=5,BBC Somali
https://www.bbc.com/somali/articles/c86j85qq906o,siyaasadd,5,https://www.bbc.com/somali/topics/cwr9jry737xt?page=5,BBC Somali
https://www.bbc.com/somali/articles/c5ypqx233zko,siyaasadd,5,https://www.bbc.com/somali/topics/cwr9jry737xt?page=5,BBC Somali
https://www.bbc.com/somali/articles/c9qy3lxr1lro,siyaasadd,5,https://www.bbc.com/somali/topics/cwr9jry737xt?page=5,BBC Somali
https://www.bbc.com/somali/articles/cn0g8jwg7vlo,siyaasadd,5,https://www.bbc.com/somali/topics/cwr9jry737xt?page=5,BBC Somali
https://www.bbc.com/somali/articles/c991731x4n2o,siyaasadd,5,https://www.bbc.com/somali/topics/cwr9jry737xt?page=5,BBC Somali
https://www.bbc.com/somali/articles/crlj8jryrj3o,siyaasadd,5,https://www.bbc.com/somali/topics/cwr9jry737xt?page=5,BBC Somali
https://www.bbc.com/somali/articles/cdjx7knw37jo,siyaasadd,5,https://www.bbc.com/somali/topics/cwr9jry737xt?page=5,BBC Somali
https://www.bbc.com/somali/articles/clynvdlvl7lo,siyaasadd,6,https://www.bbc.com/somali/topics/cwr9jry737xt?page=6,BBC Somali
https://www.bbc.com/somali/articles/ce3v7k84ngdo,siyaasadd,6,https://www.bbc.com/somali/topics/cwr9jry737xt?page=6,BBC Somali
https://www.bbc.com/somali/articles/cly2rv9ymw2o,siyaasadd,6,https://www.bbc.com/somali/topics/cwr9jry737xt?page=6,BBC Somali
https://www.bbc.com/somali/articles/c8epr6p3d87o,siyaasadd,6,https://www.bbc.com/somali/topics/cwr9jry737xt?page=6,BBC Somali
https://www.bbc.com/somali/articles/crm3d1wkw7xo,siyaasadd,6,https://www.bbc.com/somali/topics/cwr9jry737xt?page=6,BBC Somali
https://www.bbc.com/somali/articles/cn80mnv4ygro,siyaasadd,6,https://www.bbc.com/somali/topics/cwr9jry737xt?page=6,BBC Somali
https://www.bbc.com/somali/articles/ce3ng3g0zdwo,siyaasadd,6,https://www.bbc.com/somali/topics/cwr9jry737xt?page=6,BBC Somali
https://www.bbc.com/somali/articles/cx2jdw9dyrko,siyaasadd,6,https://www.bbc.com/somali/topics/cwr9jry737xt?page=6,BBC Somali
https://www.bbc.com/somali/articles/c1mnzgrpnvgo,siyaasadd,6,https://www.bbc.com/somali/topics/cwr9jry737xt?page=6,BBC Somali
https://www.bbc.com/somali/articles/c24qmllj97vo,siyaasadd,6,https://www.bbc.com/somali/topics/cwr9jry737xt?page=6,BBC Somali
https://www.bbc.com/somali/articles/cjex543xd08o,siyaasadd,6,https://www.bbc.com/somali/topics/cwr9jry737xt?page=6,BBC Somali
https://www.bbc.com/somali/articles/crlx0yg6138o,siyaasadd,6,https://www.bbc.com/somali/topics/cwr9jry737xt?page=6,BBC Somali
https://www.bbc.com/somali/articles/clyzd3k3g19o,siyaasadd,6,https://www.bbc.com/somali/topics/cwr9jry737xt?page=6,BBC Somali
https://www.bbc.com/somali/articles/c74zgl77g78o,siyaasadd,6,https://www.bbc.com/somali/topics/cwr9jry737xt?page=6,BBC Somali
https://www.bbc.com/somali/articles/c20ddd0p08xo,siyaasadd,6,https://www.bbc.com/somali/topics/cwr9jry737xt?page=6,BBC Somali
https://www.bbc.com/somali/articles/cyvq23j6r82o,siyaasadd,6,https://www.bbc.com/somali/topics/cwr9jry737xt?page=6,BBC Somali
https://www.bbc.com/somali/articles/czd34dy58z4o,siyaasadd,6,https://www.bbc.com/somali/topics/cwr9jry737xt?page=6,BBC Somali
https://www.bbc.com/somali/articles/cvg5n42825wo,siyaasadd,6,https://www.bbc.com/somali/topics/cwr9jry737xt?page=6,BBC Somali
https://www.bbc.com/somali/articles/cn914143x71o,siyaasadd,6,https://www.bbc.com/somali/topics/cwr9jry737xt?page=6,BBC Somali
https://www.bbc.com/somali/articles/cr52yvg57ddo,siyaasadd,6,https://www.bbc.com/somali/topics/cwr9jry737xt?page=6,BBC Somali
https://www.bbc.com/somali/articles/cpwdqe97k7ko,siyaasadd,6,https://www.bbc.com/somali/topics/cwr9jry737xt?page=6,BBC Somali
https://www.bbc.com/somali/articles/c5y4r5gl3l2o,siyaasadd,6,https://www.bbc.com/somali/topics/cwr9jry737xt?page=6,BBC Somali
https://www.bbc.com/somali/articles/c4g0184knxpo,siyaasadd,6,https://www.bbc.com/somali/topics/cwr9jry737xt?page=6,BBC Somali
https://www.bbc.com/somali/articles/clywekz3jppo,siyaasadd,6,https://www.bbc.com/somali/topics/cwr9jry737xt?page=6,BBC Somali
https://www.bbc.com/somali/articles/c9q78lwwjleo,siyaasadd,7,https://www.bbc.com/somali/topics/cwr9jry737xt?page=7,BBC Somali
https://www.bbc.com/somali/articles/c4g94r4ev6go,siyaasadd,7,https://www.bbc.com/somali/topics/cwr9jry737xt?page=7,BBC Somali
https://www.bbc.com/somali/articles/c0j1x9q0g9po,siyaasadd,7,https://www.bbc.com/somali/topics/cwr9jry737xt?page=7,BBC Somali
https://www.bbc.com/somali/articles/c983e3m262lo,siyaasadd,7,https://www.bbc.com/somali/topics/cwr9jry737xt?page=7,BBC Somali
https://www.bbc.com/somali/articles/cp9n1dn2v7zo,siyaasadd,7,https://www.bbc.com/somali/topics/cwr9jry737xt?page=7,BBC Somali
https://www.bbc.com/somali/articles/cvg0zkvv2lxo,siyaasadd,7,https://www.bbc.com/somali/topics/cwr9jry737xt?page=7,BBC Somali
https://www.bbc.com/somali/articles/cyv3491g8mmo,siyaasadd,7,https://www.bbc.com/somali/topics/cwr9jry737xt?page=7,BBC Somali
https://www.bbc.com/somali/articles/czr7583862go,siyaasadd,7,https://www.bbc.com/somali/topics/cwr9jry737xt?page=7,BBC Somali
https://www.bbc.com/somali/articles/cp8xldd3y31o,siyaasadd,7,https://www.bbc.com/somali/topics/cwr9jry737xt?page=7,BBC Somali
https://www.bbc.com/somali/articles/cyv344q4854o,siyaasadd,7,https://www.bbc.com/somali/topics/cwr9jry737xt?page=7,BBC Somali
https://www.bbc.com/somali/articles/c624rm0mdjgo,siyaasadd,7,https://www.bbc.com/somali/topics/cwr9jry737xt?page=7,BBC Somali
https://www.bbc.com/somali/articles/c8xpkygwzv7o,siyaasadd,7,https://www.bbc.com/somali/topics/cwr9jry737xt?page=7,BBC Somali
https://www.bbc.com/somali/articles/cn8yv43d2p0o,siyaasadd,7,https://www.bbc.com/somali/topics/cwr9jry737xt?page=7,BBC Somali
https://www.bbc.com/somali/articles/crl3je149z1o,siyaasadd,7,https://www.bbc.com/somali/topics/cwr9jry737xt?page=7,BBC Somali
https://www.bbc.com/somali/articles/c1ml47lz1kmo,siyaasadd,7,https://www.bbc.com/somali/topics/cwr9jry737xt?page=7,BBC Somali
https://www.bbc.com/somali/articles/c9q7vr4d7e8o,siyaasadd,7,https://www.bbc.com/somali/topics/cwr9jry737xt?page=7,BBC Somali
https://www.bbc.com/somali/articles/c2ex00jkwmzo,siyaasadd,7,https://www.bbc.com/somali/topics/cwr9jry737xt?page=7,BBC Somali
https://www.bbc.com/somali/articles/c78x7gym7kzo,siyaasadd,7,https://www.bbc.com/somali/topics/cwr9jry737xt?page=7,BBC Somali
https://www.bbc.com/somali/articles/c62ww7rxl0vo,siyaasadd,7,https://www.bbc.com/somali/topics/cwr9jry737xt?page=7,BBC Somali
https://www.bbc.com/somali/articles/c6275z4x3jvo,siyaasadd,7,https://www.bbc.com/somali/topics/cwr9jry737xt?page=7,BBC Somali
https://www.bbc.com/somali/articles/cm2zr2p988ro,siyaasadd,7,https://www.bbc.com/somali/topics/cwr9jry737xt?page=7,BBC Somali
https://www.bbc.com/somali/articles/czxd4wxkgeno,siyaasadd,7,https://www.bbc.com/somali/topics/cwr9jry737xt?page=7,BBC Somali
https://www.bbc.com/somali/articles/cp83n5mgy5yo,siyaasadd,7,https://www.bbc.com/somali/topics/cwr9jry737xt?page=7,BBC Somali
https://www.bbc.com/somali/articles/cewx2yg974no,siyaasadd,7,https://www.bbc.com/somali/topics/cwr9jry737xt?page=7,BBC Somali
https://www.bbc.com/somali/articles/cjd592ezzzdo,siyaasadd,8,https://www.bbc.com/somali/topics/cwr9jry737xt?page=8,BBC Somali
https://www.bbc.com/somali/articles/c9dyv02wpp1o,siyaasadd,8,https://www.bbc.com/somali/topics/cwr9jry737xt?page=8,BBC Somali
https://www.bbc.com/somali/articles/ckgny4nvy94o,siyaasadd,8,https://www.bbc.com/somali/topics/cwr9jry737xt?page=8,BBC Somali
https://www.bbc.com/somali/articles/c3rxj05d8ezo,siyaasadd,8,https://www.bbc.com/somali/topics/cwr9jry737xt?page=8,BBC Somali
https://www.bbc.com/somali/articles/ce8v7l35z3eo,siyaasadd,8,https://www.bbc.com/somali/topics/cwr9jry737xt?page=8,BBC Somali
https://www.bbc.com/somali/articles/cg57dz40gdeo,siyaasadd,8,https://www.bbc.com/somali/topics/cwr9jry737xt?page=8,BBC Somali
https://www.bbc.com/somali/articles/cn0ez2x5zrvo,siyaasadd,8,https://www.bbc.com/somali/topics/cwr9jry737xt?page=8,BBC Somali
https://www.bbc.com/somali/articles/cz7j240e1yzo,siyaasadd,8,https://www.bbc.com/somali/topics/cwr9jry737xt?page=8,BBC Somali
https://www.bbc.com/somali/articles/cqlr4d1vvkzo,siyaasadd,8,https://www.bbc.com/somali/topics/cwr9jry737xt?page=8,BBC Somali
https://www.bbc.com/somali/articles/cm2y8dv003no,siyaasadd,8,https://www.bbc.com/somali/topics/cwr9jry737xt?page=8,BBC Somali
https://www.bbc.com/somali/articles/cdrjk5yyykno,siyaasadd,8,https://www.bbc.com/somali/topics/cwr9jry737xt?page=8,BBC Somali
https://www.bbc.com/somali/articles/cx275xzlkxko,siyaasadd,8,https://www.bbc.com/somali/topics/cwr9jry737xt?page=8,BBC Somali
https://www.bbc.com/somali/articles/cy0grdn2pr1o,siyaasadd,8,https://www.bbc.com/somali/topics/cwr9jry737xt?page=8,BBC Somali
https://www.bbc.com/somali/articles/c1d5zp5rkdko,siyaasadd,8,https://www.bbc.com/somali/topics/cwr9jry737xt?page=8,BBC Somali
https://www.bbc.com/somali/articles/c1jdj0x3kjwo,siyaasadd,8,https://www.bbc.com/somali/topics/cwr9jry737xt?page=8,BBC Somali
https://www.bbc.com/somali/articles/c1jde52wlnpo,siyaasadd,8,https://www.bbc.com/somali/topics/cwr9jry737xt?page=8,BBC Somali
https://www.bbc.com/somali/articles/cy43dg4xx9xo,siyaasadd,8,https://www.bbc.com/somali/topics/cwr9jry737xt?page=8,BBC Somali
https://www.bbc.com/somali/articles/c9wrqg207wko,siyaasadd,8,https://www.bbc.com/somali/topics/cwr9jry737xt?page=8,BBC Somali
https://www.bbc.com/somali/articles/ce9jdmj29lvo,siyaasadd,8,https://www.bbc.com/somali/topics/cwr9jry737xt?page=8,BBC Somali
https://www.bbc.com/somali/articles/cy7d1ljm46ko,siyaasadd,8,https://www.bbc.com/somali/topics/cwr9jry737xt?page=8,BBC Somali
https://www.bbc.com/somali/articles/c5y3llz980wo,siyaasadd,8,https://www.bbc.com/somali/topics/cwr9jry737xt?page=8,BBC Somali
https://www.bbc.com/somali/articles/cvglg19l42lo,siyaasadd,8,https://www.bbc.com/somali/topics/cwr9jry737xt?page=8,BBC Somali
https://www.bbc.com/somali/articles/c9dlvp6px6wo,siyaasadd,8,https://www.bbc.com/somali/topics/cwr9jry737xt?page=8,BBC Somali
https://www.bbc.com/somali/articles/cqjr17q7nnlo,siyaasadd,8,https://www.bbc.com/somali/topics/cwr9jry737xt?page=8,BBC Somali
https://www.bbc.com/somali/articles/cp8nd2273x2o,siyaasadd,9,https://www.bbc.com/somali/topics/cwr9jry737xt?page=9,BBC Somali
https://www.bbc.com/somali/articles/cj6e7zjppnlo,siyaasadd,9,https://www.bbc.com/somali/topics/cwr9jry737xt?page=9,BBC Somali
https://www.bbc.com/somali/articles/c625z00l8veo,siyaasadd,9,https://www.bbc.com/somali/topics/cwr9jry737xt?page=9,BBC Somali
https://www.bbc.com/somali/articles/cd7310d53vxo,siyaasadd,9,https://www.bbc.com/somali/topics/cwr9jry737xt?page=9,BBC Somali
https://www.bbc.com/somali/articles/cpqjrwqn1x5o,siyaasadd,9,https://www.bbc.com/somali/topics/cwr9jry737xt?page=9,BBC Somali
https://www.bbc.com/somali/articles/cwylv7wwpxyo,siyaasadd,9,https://www.bbc.com/somali/topics/cwr9jry737xt?page=9,BBC Somali
https://www.bbc.com/somali/articles/cred1n3rjreo,siyaasadd,9,https://www.bbc.com/somali/topics/cwr9jry737xt?page=9,BBC Somali
https://www.bbc.com/somali/articles/cvg5ypvmrx2o,siyaasadd,9,https://www.bbc.com/somali/topics/cwr9jry737xt?page=9,BBC Somali
https://www.bbc.com/somali/articles/cvgwep1jp2eo,siyaasadd,9,https://www.bbc.com/somali/topics/cwr9jry737xt?page=9,BBC Somali
https://www.bbc.com/somali/articles/c1e8lxjw54jo,siyaasadd,9,https://www.bbc.com/somali/topics/cwr9jry737xt?page=9,BBC Somali
https://www.bbc.com/somali/articles/crl8n30525lo,siyaasadd,9,https://www.bbc.com/somali/topics/cwr9jry737xt?page=9,BBC Somali
https://www.bbc.com/somali/articles/cly8y3nl3l5o,siyaasadd,9,https://www.bbc.com/somali/topics/cwr9jry737xt?page=9,BBC Somali
https://www.bbc.com/somali/articles/ced145n1ygvo,siyaasadd,9,https://www.bbc.com/somali/topics/cwr9jry737xt?page=9,BBC Somali
https://www.bbc.com/somali/articles/c9wjxnd20w8o,siyaasadd,9,https://www.bbc.com/somali/topics/cwr9jry737xt?page=9,BBC Somali
https://www.bbc.com/somali/articles/cq5e2z8xlx4o,siyaasadd,9,https://www.bbc.com/somali/topics/cwr9jry737xt?page=9,BBC Somali
https://www.bbc.com/somali/articles/ckg0w2np520o,siyaasadd,9,https://www.bbc.com/somali/topics/cwr9jry737xt?page=9,BBC Somali
https://www.bbc.com/somali/articles/cy0l8rzqp5ko,siyaasadd,9,https://www.bbc.com/somali/topics/cwr9jry737xt?page=9,BBC Somali
https://www.bbc.com/somali/articles/cn7yxv6v3ezo,siyaasadd,9,https://www.bbc.com/somali/topics/cwr9jry737xt?page=9,BBC Somali
https://www.bbc.com/somali/articles/cn9len2wqxqo,siyaasadd,9,https://www.bbc.com/somali/topics/cwr9jry737xt?page=9,BBC Somali
https://www.bbc.com/somali/articles/cvgxy383jy2o,siyaasadd,9,https://www.bbc.com/somali/topics/cwr9jry737xt?page=9,BBC Somali
https://www.bbc.com/somali/articles/c990l93870lo,siyaasadd,9,https://www.bbc.com/somali/topics/cwr9jry737xt?page=9,BBC Somali
https://www.bbc.com/somali/articles/cp3dvzx20klo,siyaasadd,9,https://www.bbc.com/somali/topics/cwr9jry737xt?page=9,BBC Somali
https://www.bbc.com/somali/articles/c204rq31y7zo,siyaasadd,9,https://www.bbc.com/somali/topics/cwr9jry737xt?page=9,BBC Somali
https://www.bbc.com/somali/articles/cgeyj71zv4do,siyaasadd,9,https://www.bbc.com/somali/topics/cwr9jry737xt?page=9,BBC Somali
https://www.bbc.com/somali/articles/c7v567q0z7no,siyaasadd,10,https://www.bbc.com/somali/topics/cwr9jry737xt?page=10,BBC Somali
https://www.bbc.com/somali/articles/cjqepxzp7zlo,siyaasadd,10,https://www.bbc.com/somali/topics/cwr9jry737xt?page=10,BBC Somali
https://www.bbc.com/somali/articles/cm2n8gzlrj0o,siyaasadd,10,https://www.bbc.com/somali/topics/cwr9jry737xt?page=10,BBC Somali
https://www.bbc.com/somali/articles/cqe6q1eed8ro,siyaasadd,10,https://www.bbc.com/somali/topics/cwr9jry737xt?page=10,BBC Somali
https://www.bbc.com/somali/articles/c2075e6wzxeo,siyaasadd,10,https://www.bbc.com/somali/topics/cwr9jry737xt?page=10,BBC Somali
https://www.bbc.com/somali/articles/cpwd59vj98do,siyaasadd,10,https://www.bbc.com/somali/topics/cwr9jry737xt?page=10,BBC Somali
https://www.bbc.com/somali/articles/cv2g9pzx3gyo,siyaasadd,10,https://www.bbc.com/somali/topics/cwr9jry737xt?page=10,BBC Somali
https://www.bbc.com/somali/articles/ce815xk0k8yo,siyaasadd,10,https://www.bbc.com/somali/topics/cwr9jry737xt?page=10,BBC Somali
https://www.bbc.com/somali/articles/c4ng5qpg754o,siyaasadd,10,https://www.bbc.com/somali/topics/cwr9jry737xt?page=10,BBC Somali
https://www.bbc.com/somali/articles/c9wjdlle955o,siyaasadd,10,https://www.bbc.com/somali/topics/cwr9jry737xt?page=10,BBC Somali
https://www.bbc.com/somali/articles/cw5y5pe652go,siyaasadd,10,https://www.bbc.com/somali/topics/cwr9jry737xt?page=10,BBC Somali
https://www.bbc.com/somali/articles/c0mn1vj7er0o,siyaasadd,10,https://www.bbc.com/somali/topics/cwr9jry737xt?page=10,BBC Somali
https://www.bbc.com/somali/articles/c9788pqr65lo,siyaasadd,10,https://www.bbc.com/somali/topics/cwr9jry737xt?page=10,BBC Somali
https://www.bbc.com/somali/articles/clly0egp2lpo,siyaasadd,10,https://www.bbc.com/somali/topics/cwr9jry737xt?page=10,BBC Somali
https://www.bbc.com/somali/articles/crgry8z5gejo,siyaasadd,10,https://www.bbc.com/somali/topics/cwr9jry737xt?page=10,BBC Somali
https://www.bbc.com/somali/articles/c4gl71d14rzo,siyaasadd,10,https://www.bbc.com/somali/topics/cwr9jry737xt?page=10,BBC Somali
https://www.bbc.com/somali/articles/cze5588k222o,siyaasadd,10,https://www.bbc.com/somali/topics/cwr9jry737xt?page=10,BBC Somali
https://www.bbc.com/somali/articles/crkmengv3g2o,siyaasadd,10,https://www.bbc.com/somali/topics/cwr9jry737xt?page=10,BBC Somali
https://www.bbc.com/somali/articles/cjk34127nr2o,siyaasadd,10,https://www.bbc.com/somali/topics/cwr9jry737xt?page=10,BBC Somali
https://www.bbc.com/somali/articles/cn5rknyg0r3o,siyaasadd,10,https://www.bbc.com/somali/topics/cwr9jry737xt?page=10,BBC Somali
https://www.bbc.com/somali/articles/ckg209pmelko,siyaasadd,10,https://www.bbc.com/somali/topics/cwr9jry737xt?page=10,BBC Somali
https://www.bbc.com/somali/articles/cm2nkvxyx25o,siyaasadd,10,https://www.bbc.com/somali/topics/cwr9jry737xt?page=10,BBC Somali
https://www.bbc.com/somali/articles/c72vp652p1go,siyaasadd,10,https://www.bbc.com/somali/topics/cwr9jry737xt?page=10,BBC Somali
https://www.bbc.com/somali/articles/c87r43kkx2vo,siyaasadd,10,https://www.bbc.com/somali/topics/cwr9jry737xt?page=10,BBC Somali
https://www.bbc.com/somali/articles/c97dly8dpgno,siyaasadd,11,https://www.bbc.com/somali/topics/cwr9jry737xt?page=11,BBC Somali
https://www.bbc.com/somali/articles/c9x8npgyj3jo,siyaasadd,11,https://www.bbc.com/somali/topics/cwr9jry737xt?page=11,BBC Somali
https://www.bbc.com/somali/articles/c51yg4npymyo,siyaasadd,11,https://www.bbc.com/somali/topics/cwr9jry737xt?page=11,BBC Somali
https://www.bbc.com/somali/articles/cp08nv75ypvo,siyaasadd,11,https://www.bbc.com/somali/topics/cwr9jry737xt?page=11,BBC Somali
https://www.bbc.com/somali/articles/cd1rdvr87xzo,siyaasadd,11,https://www.bbc.com/somali/topics/cwr9jry737xt?page=11,BBC Somali
https://www.bbc.com/somali/articles/c3g90l2yzmmo,siyaasadd,11,https://www.bbc.com/somali/topics/cwr9jry737xt?page=11,BBC Somali
https://www.bbc.com/somali/articles/c51yelxl00wo,siyaasadd,11,https://www.bbc.com/somali/topics/cwr9jry737xt?page=11,BBC Somali
https://www.bbc.com/somali/articles/c89788lll14o,siyaasadd,11,https://www.bbc.com/somali/topics/cwr9jry737xt?page=11,BBC Somali
https://www.bbc.com/somali/articles/ckdg20zlr4vo,siyaasadd,11,https://www.bbc.com/somali/topics/cwr9jry737xt?page=11,BBC Somali
https://www.bbc.com/somali/articles/cyx5y99553xo,siyaasadd,11,https://www.bbc.com/somali/topics/cwr9jry737xt?page=11,BBC Somali
https://www.bbc.com/somali/articles/cedd3pp987yo,siyaasadd,11,https://www.bbc.com/somali/topics/cwr9jry737xt?page=11,BBC Somali
https://www.bbc.com/somali/articles/cxw28mm97neo,siyaasadd,11,https://www.bbc.com/somali/topics/cwr9jry737xt?page=11,BBC Somali
https://www.bbc.com/somali/articles/cmj2dngzlldo,siyaasadd,11,https://www.bbc.com/somali/topics/cwr9jry737xt?page=11,BBC Somali
https://www.bbc.com/somali/articles/cz7e38wwpzdo,siyaasadd,11,https://www.bbc.com/somali/topics/cwr9jry737xt?page=11,BBC Somali
https://www.bbc.com/somali/articles/cneee0gp10jo,siyaasadd,11,https://www.bbc.com/somali/topics/cwr9jry737xt?page=11,BBC Somali
https://www.bbc.com/somali/articles/cy79l7758y9o,siyaasadd,11,https://www.bbc.com/somali/topics/cwr9jry737xt?page=11,BBC Somali
https://www.bbc.com/somali/articles/cw4y5zd9ep5o,siyaasadd,11,https://www.bbc.com/somali/topics/cwr9jry737xt?page=11,BBC Somali
https://www.bbc.com/somali/articles/cw0002x2j11o,siyaasadd,11,https://www.bbc.com/somali/topics/cwr9jry737xt?page=11,BBC Somali
https://www.bbc.com/somali/articles/cprq250g033o,siyaasadd,11,https://www.bbc.com/somali/topics/cwr9jry737xt?page=11,BBC Somali
https://www.bbc.com/somali/articles/ckmg844r02po,siyaasadd,11,https://www.bbc.com/somali/topics/cwr9jry737xt?page=11,BBC Somali
https://www.bbc.com/somali/articles/c7243199x2lo,siyaasadd,11,https://www.bbc.com/somali/topics/cwr9jry737xt?page=11,BBC Somali
https://www.bbc.com/somali/articles/cqeee8q3qyno,siyaasadd,11,https://www.bbc.com/somali/topics/cwr9jry737xt?page=11,BBC Somali
https://www.bbc.com/somali/articles/cz7e89r24n4o,siyaasadd,11,https://www.bbc.com/somali/topics/cwr9jry737xt?page=11,BBC Somali
https://www.bbc.com/somali/articles/c4n1r1nj31ko,siyaasadd,12,https://www.bbc.com/somali/topics/cwr9jry737xt?page=12,BBC Somali
https://www.bbc.com/somali/articles/cjr7k750klxo,siyaasadd,12,https://www.bbc.com/somali/topics/cwr9jry737xt?page=12,BBC Somali
https://www.bbc.com/somali/articles/cqqnz2ywr3po,siyaasadd,12,https://www.bbc.com/somali/topics/cwr9jry737xt?page=12,BBC Somali
https://www.bbc.com/somali/articles/cpddyvg0ek8o,siyaasadd,12,https://www.bbc.com/somali/topics/cwr9jry737xt?page=12,BBC Somali
https://www.bbc.com/somali/articles/c1rre59wv04o,siyaasadd,12,https://www.bbc.com/somali/topics/cwr9jry737xt?page=12,BBC Somali
https://www.bbc.com/somali/articles/cjqq8vxjnyvo,siyaasadd,12,https://www.bbc.com/somali/topics/cwr9jry737xt?page=12,BBC Somali
https://www.bbc.com/somali/articles/cpvgy2nlrlro,siyaasadd,12,https://www.bbc.com/somali/topics/cwr9jry737xt?page=12,BBC Somali
https://www.bbc.com/somali/articles/c4n19n9qrk5o,siyaasadd,12,https://www.bbc.com/somali/topics/cwr9jry737xt?page=12,BBC Somali
https://www.bbc.com/somali/articles/c288ngmpvdvo,siyaasadd,12,https://www.bbc.com/somali/topics/cwr9jry737xt?page=12,BBC Somali
https://www.bbc.com/somali/articles/cv22xynv5jdo,siyaasadd,12,https://www.bbc.com/somali/topics/cwr9jry737xt?page=12,BBC Somali
https://www.bbc.com/somali/articles/c9rzekeeqr6o,siyaasadd,12,https://www.bbc.com/somali/topics/cwr9jry737xt?page=12,BBC Somali
https://www.bbc.com/somali/articles/cm5g245d5peo,siyaasadd,12,https://www.bbc.com/somali/topics/cwr9jry737xt?page=12,BBC Somali
https://www.bbc.com/somali/articles/cv223nzd7p4o,siyaasadd,12,https://www.bbc.com/somali/topics/cwr9jry737xt?page=12,BBC Somali
https://www.bbc.com/somali/articles/clddv1k0qdgo,siyaasadd,12,https://www.bbc.com/somali/topics/cwr9jry737xt?page=12,BBC Somali
https://www.bbc.com/somali/articles/clll5mp21rro,siyaasadd,12,https://www.bbc.com/somali/topics/cwr9jry737xt?page=12,BBC Somali
https://www.bbc.com/somali/articles/cg67g6lw26qo,siyaasadd,12,https://www.bbc.com/somali/topics/cwr9jry737xt?page=12,BBC Somali
https://www.bbc.com/somali/articles/cz55vypg5n5o,siyaasadd,12,https://www.bbc.com/somali/topics/cwr9jry737xt?page=12,BBC Somali
https://www.bbc.com/somali/articles/c2xxye1zp5do,siyaasadd,12,https://www.bbc.com/somali/topics/cwr9jry737xt?page=12,BBC Somali
https://www.bbc.com/somali/articles/cyjjydv9nzvo,siyaasadd,12,https://www.bbc.com/somali/topics/cwr9jry737xt?page=12,BBC Somali
https://www.bbc.com/somali/articles/cqqqk7zv2nno,siyaasadd,12,https://www.bbc.com/somali/topics/cwr9jry737xt?page=12,BBC Somali
https://www.bbc.com/somali/articles/c4n197x484wo,siyaasadd,12,https://www.bbc.com/somali/topics/cwr9jry737xt?page=12,BBC Somali
https://www.bbc.com/somali/articles/cl77qzp71zjo,siyaasadd,12,https://www.bbc.com/somali/topics/cwr9jry737xt?page=12,BBC Somali
https://www.bbc.com/somali/articles/c722g5vd220o,siyaasadd,12,https://www.bbc.com/somali/topics/cwr9jry737xt?page=12,BBC Somali
https://www.bbc.com/somali/articles/cjkdk21v7xjo,siyaasadd,13,https://www.bbc.com/somali/topics/cwr9jry737xt?page=13,BBC Somali
https://www.bbc.com/somali/articles/c9rzpvv29qgo,siyaasadd,13,https://www.bbc.com/somali/topics/cwr9jry737xt?page=13,BBC Somali
https://www.bbc.com/somali/articles/c515n4v8ej4o,siyaasadd,13,https://www.bbc.com/somali/topics/cwr9jry737xt?page=13,BBC Somali
https://www.bbc.com/somali/articles/c4nm188ey42o,siyaasadd,13,https://www.bbc.com/somali/topics/cwr9jry737xt?page=13,BBC Somali
https://www.bbc.com/somali/articles/c4nvy7l79dgo,siyaasadd,13,https://www.bbc.com/somali/topics/cwr9jry737xt?page=13,BBC Somali
https://www.bbc.com/somali/articles/c3gqly4vp50o,siyaasadd,13,https://www.bbc.com/somali/topics/cwr9jry737xt?page=13,BBC Somali
https://www.bbc.com/somali/articles/cqqwl1d94xeo,siyaasadd,13,https://www.bbc.com/somali/topics/cwr9jry737xt?page=13,BBC Somali
https://www.bbc.com/somali/articles/cj7v4ljzg58o,siyaasadd,13,https://www.bbc.com/somali/topics/cwr9jry737xt?page=13,BBC Somali
https://www.bbc.com/somali/articles/cp04pp6lnypo,siyaasadd,13,https://www.bbc.com/somali/topics/cwr9jry737xt?page=13,BBC Somali
https://www.bbc.com/somali/articles/crg014j0ej5o,siyaasadd,13,https://www.bbc.com/somali/topics/cwr9jry737xt?page=13,BBC Somali
https://www.bbc.com/somali/articles/c51nrxn2j7eo,siyaasadd,13,https://www.bbc.com/somali/topics/cwr9jry737xt?page=13,BBC Somali
https://www.bbc.com/somali/articles/c2800p9021no,siyaasadd,13,https://www.bbc.com/somali/topics/cwr9jry737xt?page=13,BBC Somali
https://www.bbc.com/somali/articles/c3gerl9egwdo,siyaasadd,13,https://www.bbc.com/somali/topics/cwr9jry737xt?page=13,BBC Somali
https://www.bbc.com/somali/articles/c84zl4zy4gvo,siyaasadd,13,https://www.bbc.com/somali/topics/cwr9jry737xt?page=13,BBC Somali
https://www.bbc.com/somali/articles/czrzzl900nyo,siyaasadd,13,https://www.bbc.com/somali/topics/cwr9jry737xt?page=13,BBC Somali
https://www.bbc.com/somali/articles/cn0eejep20jo,siyaasadd,13,https://www.bbc.com/somali/topics/cwr9jry737xt?page=13,BBC Somali
https://www.bbc.com/somali/articles/cg67yv0p174o,siyaasadd,13,https://www.bbc.com/somali/topics/cwr9jry737xt?page=13,BBC Somali
https://www.bbc.com/somali/articles/c0x3el94412o,siyaasadd,13,https://www.bbc.com/somali/topics/cwr9jry737xt?page=13,BBC Somali
https://www.bbc.com/somali/articles/cev9nk9wwylo,siyaasadd,13,https://www.bbc.com/somali/topics/cwr9jry737xt?page=13,BBC Somali
https://www.bbc.com/somali/articles/c9rzg1yvnpzo,siyaasadd,13,https://www.bbc.com/somali/topics/cwr9jry737xt?page=13,BBC Somali
https://www.bbc.com/somali/articles/cxezryrk1x3o,siyaasadd,13,https://www.bbc.com/somali/topics/cwr9jry737xt?page=13,BBC Somali
https://www.bbc.com/somali/articles/c6pkndx502ro,siyaasadd,13,https://www.bbc.com/somali/topics/cwr9jry737xt?page=13,BBC Somali
https://www.bbc.com/somali/articles/c970j06pe55o,siyaasadd,13,https://www.bbc.com/somali/topics/cwr9jry737xt?page=13,BBC Somali
https://www.bbc.com/somali/articles/cgevdw0yl9zo,siyaasadd,13,https://www.bbc.com/somali/topics/cwr9jry737xt?page=13,BBC Somali
https://www.bbc.com/somali/articles/crg4d8kj5w5o,siyaasadd,14,https://www.bbc.com/somali/topics/cwr9jry737xt?page=14,BBC Somali
https://www.bbc.com/somali/articles/cmlgxmyn872o,siyaasadd,14,https://www.bbc.com/somali/topics/cwr9jry737xt?page=14,BBC Somali
https://www.bbc.com/somali/articles/cnen918rrdlo,siyaasadd,14,https://www.bbc.com/somali/topics/cwr9jry737xt?page=14,BBC Somali
https://www.bbc.com/somali/articles/c3gkz3yk8v2o,siyaasadd,14,https://www.bbc.com/somali/topics/cwr9jry737xt?page=14,BBC Somali
https://www.bbc.com/somali/articles/cp4ldl0182lo,siyaasadd,14,https://www.bbc.com/somali/topics/cwr9jry737xt?page=14,BBC Somali
https://www.bbc.com/somali/articles/cxxzwjx9j55o,siyaasadd,14,https://www.bbc.com/somali/topics/cwr9jry737xt?page=14,BBC Somali
https://www.bbc.com/somali/articles/cq5v0912v21o,siyaasadd,14,https://www.bbc.com/somali/topics/cwr9jry737xt?page=14,BBC Somali
https://www.bbc.com/somali/articles/cjl3649y3xxo,siyaasadd,14,https://www.bbc.com/somali/topics/cwr9jry737xt?page=14,BBC Somali
https://www.bbc.com/somali/articles/cd1w55xpqpno,siyaasadd,14,https://www.bbc.com/somali/topics/cwr9jry737xt?page=14,BBC Somali
https://www.bbc.com/somali/articles/cxx53yx21y4o,siyaasadd,14,https://www.bbc.com/somali/topics/cwr9jry737xt?page=14,BBC Somali
https://www.bbc.com/somali/articles/c3g0v9y410ko,siyaasadd,14,https://www.bbc.com/somali/topics/cwr9jry737xt?page=14,BBC Somali
https://www.bbc.com/somali/articles/c8vn6r8rrvpo,siyaasadd,14,https://www.bbc.com/somali/topics/cwr9jry737xt?page=14,BBC Somali
https://www.bbc.com/somali/articles/c2eme73g3z9o,siyaasadd,14,https://www.bbc.com/somali/topics/cwr9jry737xt?page=14,BBC Somali
https://www.bbc.com/somali/articles/c72g0z7zdzno,siyaasadd,14,https://www.bbc.com/somali/topics/cwr9jry737xt?page=14,BBC Somali
https://www.bbc.com/somali/articles/c4nlq7vq373o,siyaasadd,14,https://www.bbc.com/somali/topics/cwr9jry737xt?page=14,BBC Somali
https://www.bbc.com/somali/articles/cy951ddnng7o,siyaasadd,14,https://www.bbc.com/somali/topics/cwr9jry737xt?page=14,BBC Somali
https://www.bbc.com/somali/articles/c4n3q3p458eo,siyaasadd,14,https://www.bbc.com/somali/topics/cwr9jry737xt?page=14,BBC Somali
https://www.bbc.com/somali/articles/czdzw1x90l7o,siyaasadd,14,https://www.bbc.com/somali/topics/cwr9jry737xt?page=14,BBC Somali
https://www.bbc.com/somali/articles/cy0ml4pzy18o,siyaasadd,14,https://www.bbc.com/somali/topics/cwr9jry737xt?page=14,BBC Somali
https://www.bbc.com/somali/articles/c2v43l1432po,siyaasadd,14,https://www.bbc.com/somali/topics/cwr9jry737xt?page=14,BBC Somali
https://www.bbc.com/somali/articles/c3g3zlp837no,siyaasadd,14,https://www.bbc.com/somali/topics/cwr9jry737xt?page=14,BBC Somali
https://www.bbc.com/somali/articles/c4nqz68909ro,siyaasadd,14,https://www.bbc.com/somali/topics/cwr9jry737xt?page=14,BBC Somali
https://www.bbc.com/somali/articles/c2jxmepj0emo,siyaasadd,14,https://www.bbc.com/somali/topics/cwr9jry737xt?page=14,BBC Somali
https://www.bbc.com/somali/articles/cv2yrrr23kvo,siyaasadd,14,https://www.bbc.com/somali/topics/cwr9jry737xt?page=14,BBC Somali
https://www.bbc.com/somali/articles/cerlvk2vze4o,siyaasadd,15,https://www.bbc.com/somali/topics/cwr9jry737xt?page=15,BBC Somali
https://www.bbc.com/somali/articles/c4nyn9xeg14o,siyaasadd,15,https://www.bbc.com/somali/topics/cwr9jry737xt?page=15,BBC Somali
https://www.bbc.com/somali/articles/cjkp86l6pypo,siyaasadd,15,https://www.bbc.com/somali/topics/cwr9jry737xt?page=15,BBC Somali
https://www.bbc.com/somali/articles/cgxj5453zk3o,siyaasadd,15,https://www.bbc.com/somali/topics/cwr9jry737xt?page=15,BBC Somali
https://www.bbc.com/somali/articles/cg3wnzep0rno,siyaasadd,15,https://www.bbc.com/somali/topics/cwr9jry737xt?page=15,BBC Somali
https://www.bbc.com/somali/articles/cxx3x84yn4yo,siyaasadd,15,https://www.bbc.com/somali/topics/cwr9jry737xt?page=15,BBC Somali
https://www.bbc.com/somali/articles/c84n7jyv8jeo,siyaasadd,15,https://www.bbc.com/somali/topics/cwr9jry737xt?page=15,BBC Somali
https://www.bbc.com/somali/articles/cgl6py3e8j2o,siyaasadd,15,https://www.bbc.com/somali/topics/cwr9jry737xt?page=15,BBC Somali
https://www.bbc.com/somali/articles/cqe1dng87yqo,siyaasadd,15,https://www.bbc.com/somali/topics/cwr9jry737xt?page=15,BBC Somali
https://www.bbc.com/somali/articles/c51zee479d1o,siyaasadd,15,https://www.bbc.com/somali/topics/cwr9jry737xt?page=15,BBC Somali
https://www.bbc.com/somali/articles/cmjrk004ep1o,siyaasadd,15,https://www.bbc.com/somali/topics/cwr9jry737xt?page=15,BBC Somali
https://www.bbc.com/somali/articles/cw0r4dldxrwo,siyaasadd,15,https://www.bbc.com/somali/topics/cwr9jry737xt?page=15,BBC Somali
https://www.bbc.com/somali/articles/cql1338py58o,siyaasadd,15,https://www.bbc.com/somali/topics/cwr9jry737xt?page=15,BBC Somali
https://www.bbc.com/somali/articles/cv2dr41yyj5o,siyaasadd,15,https://www.bbc.com/somali/topics/cwr9jry737xt?page=15,BBC Somali
https://www.bbc.com/somali/articles/c6p1jjjp577o,siyaasadd,15,https://www.bbc.com/somali/topics/cwr9jry737xt?page=15,BBC Somali
https://www.bbc.com/somali/articles/cw8013p9nexo,siyaasadd,15,https://www.bbc.com/somali/topics/cwr9jry737xt?page=15,BBC Somali
https://www.bbc.com/somali/articles/cd19vgzxj0zo,siyaasadd,15,https://www.bbc.com/somali/topics/cwr9jry737xt?page=15,BBC Somali
https://www.bbc.com/somali/articles/cxerkdpprxro,siyaasadd,15,https://www.bbc.com/somali/topics/cwr9jry737xt?page=15,BBC Somali
https://www.bbc.com/somali/articles/c8v2r0ele68o,siyaasadd,15,https://www.bbc.com/somali/topics/cwr9jry737xt?page=15,BBC Somali
https://www.bbc.com/somali/articles/c0kyjlj2klgo,siyaasadd,15,https://www.bbc.com/somali/topics/cwr9jry737xt?page=15,BBC Somali
https://www.bbc.com/somali/articles/cek5mrmvz82o,siyaasadd,15,https://www.bbc.com/somali/topics/cwr9jry737xt?page=15,BBC Somali
https://www.bbc.com/somali/articles/crgwej86r07o,siyaasadd,15,https://www.bbc.com/somali/topics/cwr9jry737xt?page=15,BBC Somali
https://www.bbc.com/somali/articles/cpdpgk0n7kvo,siyaasadd,15,https://www.bbc.com/somali/topics/cwr9jry737xt?page=15,BBC Somali
https://www.bbc.com/somali/articles/c51d5d7rdgno,siyaasadd,15,https://www.bbc.com/somali/topics/cwr9jry737xt?page=15,BBC Somali
https://www.bbc.com/somali/articles/cd1p5g1xde3o,siyaasadd,16,https://www.bbc.com/somali/topics/cwr9jry737xt?page=16,BBC Somali
https://www.bbc.com/somali/articles/cxrvvd26ddeo,siyaasadd,16,https://www.bbc.com/somali/topics/cwr9jry737xt?page=16,BBC Somali
https://www.bbc.com/somali/articles/c97475e7xp9o,siyaasadd,16,https://www.bbc.com/somali/topics/cwr9jry737xt?page=16,BBC Somali
https://www.bbc.com/somali/articles/c80w128yk2ro,siyaasadd,16,https://www.bbc.com/somali/topics/cwr9jry737xt?page=16,BBC Somali
https://www.bbc.com/somali/articles/c4n05kpk5w9o,siyaasadd,16,https://www.bbc.com/somali/topics/cwr9jry737xt?page=16,BBC Somali
https://www.bbc.com/somali/articles/cyj1zjnln80o,siyaasadd,16,https://www.bbc.com/somali/topics/cwr9jry737xt?page=16,BBC Somali
https://www.bbc.com/somali/articles/cv2e9y5k39go,siyaasadd,16,https://www.bbc.com/somali/topics/cwr9jry737xt?page=16,BBC Somali
https://www.bbc.com/somali/articles/cjqk4ple4w5o,siyaasadd,16,https://www.bbc.com/somali/topics/cwr9jry737xt?page=16,BBC Somali
https://www.bbc.com/somali/articles/cy92j93lky2o,siyaasadd,16,https://www.bbc.com/somali/topics/cwr9jry737xt?page=16,BBC Somali
https://www.bbc.com/somali/articles/cnkd9j0p1lzo,siyaasadd,16,https://www.bbc.com/somali/topics/cwr9jry737xt?page=16,BBC Somali
https://www.bbc.com/somali/articles/c3g2g77edpno,siyaasadd,16,https://www.bbc.com/somali/topics/cwr9jry737xt?page=16,BBC Somali
https://www.bbc.com/somali/articles/ckvp92wqq0po,siyaasadd,16,https://www.bbc.com/somali/topics/cwr9jry737xt?page=16,BBC Somali
https://www.bbc.com/somali/articles/c3g2r1ydrw9o,siyaasadd,16,https://www.bbc.com/somali/topics/cwr9jry737xt?page=16,BBC Somali
https://www.bbc.com/somali/articles/c51l18eww99o,siyaasadd,16,https://www.bbc.com/somali/topics/cwr9jry737xt?page=16,BBC Somali
https://www.bbc.com/somali/articles/c2e8d965n0yo,siyaasadd,16,https://www.bbc.com/somali/topics/cwr9jry737xt?page=16,BBC Somali
https://www.bbc.com/somali/articles/cv2z08pn88go,siyaasadd,16,https://www.bbc.com/somali/topics/cwr9jry737xt?page=16,BBC Somali
https://www.bbc.com/somali/articles/cyx19kplgkpo,siyaasadd,16,https://www.bbc.com/somali/topics/cwr9jry737xt?page=16,BBC Somali
https://www.bbc.com/somali/articles/c28v4gn3mmno,siyaasadd,16,https://www.bbc.com/somali/topics/cwr9jry737xt?page=16,BBC Somali
https://www.bbc.com/somali/articles/c72qwej7vdno,siyaasadd,16,https://www.bbc.com/somali/topics/cwr9jry737xt?page=16,BBC Somali
https://www.bbc.com/somali/articles/c872l53lzpvo,siyaasadd,16,https://www.bbc.com/somali/topics/cwr9jry737xt?page=16,BBC Somali
https://www.bbc.com/somali/articles/c89q4vj8p4po,siyaasadd,16,https://www.bbc.com/somali/topics/cwr9jry737xt?page=16,BBC Somali
https://www.bbc.com/somali/articles/c3g293l08l5o,siyaasadd,16,https://www.bbc.com/somali/topics/cwr9jry737xt?page=16,BBC Somali
https://www.bbc.com/somali/articles/c6pjy47ql5vo,siyaasadd,16,https://www.bbc.com/somali/topics/cwr9jry737xt?page=16,BBC Somali
https://www.bbc.com/somali/articles/c4n0j6j8997o,siyaasadd,16,https://www.bbc.com/somali/topics/cwr9jry737xt?page=16,BBC Somali
https://www.bbc.com/somali/articles/c725gvj48ego,siyaasadd,17,https://www.bbc.com/somali/topics/cwr9jry737xt?page=17,BBC Somali
https://www.bbc.com/somali/articles/c4nxmlrkkjdo,siyaasadd,17,https://www.bbc.com/somali/topics/cwr9jry737xt?page=17,BBC Somali
https://www.bbc.com/somali/articles/cqv9z79w1j2o,siyaasadd,17,https://www.bbc.com/somali/topics/cwr9jry737xt?page=17,BBC Somali
https://www.bbc.com/somali/articles/cpw5vqne2q5o,siyaasadd,17,https://www.bbc.com/somali/topics/cwr9jry737xt?page=17,BBC Somali
https://www.bbc.com/somali/articles/cyd18qzemqro,siyaasadd,17,https://www.bbc.com/somali/topics/cwr9jry737xt?page=17,BBC Somali
https://www.bbc.com/somali/articles/cq58l7v0q14o,siyaasadd,17,https://www.bbc.com/somali/topics/cwr9jry737xt?page=17,BBC Somali
https://www.bbc.com/somali/articles/cqlgw10ne4zo,siyaasadd,17,https://www.bbc.com/somali/topics/cwr9jry737xt?page=17,BBC Somali
https://www.bbc.com/somali/articles/cgr55n0l441o,siyaasadd,17,https://www.bbc.com/somali/topics/cwr9jry737xt?page=17,BBC Somali
https://www.bbc.com/somali/articles/c97qlzqddq0o,siyaasadd,17,https://www.bbc.com/somali/topics/cwr9jry737xt?page=17,BBC Somali
https://www.bbc.com/somali/articles/ckk15x9zkw9o,siyaasadd,17,https://www.bbc.com/somali/topics/cwr9jry737xt?page=17,BBC Somali
https://www.bbc.com/somali/articles/ckdz024rrreo,siyaasadd,17,https://www.bbc.com/somali/topics/cwr9jry737xt?page=17,BBC Somali
https://www.bbc.com/somali/articles/cv28vlxk2llo,siyaasadd,17,https://www.bbc.com/somali/topics/cwr9jry737xt?page=17,BBC Somali
https://www.bbc.com/somali/articles/cg3zezz8gz7o,siyaasadd,17,https://www.bbc.com/somali/topics/cwr9jry737xt?page=17,BBC Somali
https://www.bbc.com/somali/articles/cglevye0v0zo,siyaasadd,17,https://www.bbc.com/somali/topics/cwr9jry737xt?page=17,BBC Somali
https://www.bbc.com/somali/articles/cgeln9rnnreo,siyaasadd,17,https://www.bbc.com/somali/topics/cwr9jry737xt?page=17,BBC Somali
https://www.bbc.com/somali/articles/cek470j120mo,siyaasadd,17,https://www.bbc.com/somali/topics/cwr9jry737xt?page=17,BBC Somali
https://www.bbc.com/somali/articles/c0kjp948nwzo,siyaasadd,17,https://www.bbc.com/somali/topics/cwr9jry737xt?page=17,BBC Somali
https://www.bbc.com/somali/articles/c725w674nwjo,siyaasadd,17,https://www.bbc.com/somali/topics/cwr9jry737xt?page=17,BBC Somali
https://www.bbc.com/somali/articles/cxx6ejdx4l0o,siyaasadd,17,https://www.bbc.com/somali/topics/cwr9jry737xt?page=17,BBC Somali
https://www.bbc.com/somali/articles/cqlwdgw5lnvo,siyaasadd,17,https://www.bbc.com/somali/topics/cwr9jry737xt?page=17,BBC Somali
https://www.bbc.com/somali/articles/c874yjxkdr7o,siyaasadd,17,https://www.bbc.com/somali/topics/cwr9jry737xt?page=17,BBC Somali
https://www.bbc.com/somali/articles/c4n047l23rno,siyaasadd,17,https://www.bbc.com/somali/topics/cwr9jry737xt?page=17,BBC Somali
https://www.bbc.com/somali/articles/cjq42wxjp53o,siyaasadd,17,https://www.bbc.com/somali/topics/cwr9jry737xt?page=17,BBC Somali
https://www.bbc.com/somali/articles/cd1563r2ggxo,siyaasadd,17,https://www.bbc.com/somali/topics/cwr9jry737xt?page=17,BBC Somali
https://www.bbc.com/somali/articles/clm124k05r7o,siyaasadd,18,https://www.bbc.com/somali/topics/cwr9jry737xt?page=18,BBC Somali
https://www.bbc.com/somali/articles/ceky3157zejo,siyaasadd,18,https://www.bbc.com/somali/topics/cwr9jry737xt?page=18,BBC Somali
https://www.bbc.com/somali/articles/cd1mxrvxpggo,siyaasadd,18,https://www.bbc.com/somali/topics/cwr9jry737xt?page=18,BBC Somali
https://www.bbc.com/somali/articles/c3g8r4mjymro,siyaasadd,18,https://www.bbc.com/somali/topics/cwr9jry737xt?page=18,BBC Somali
https://www.bbc.com/somali/articles/crglr3y406zo,siyaasadd,18,https://www.bbc.com/somali/topics/cwr9jry737xt?page=18,BBC Somali
https://www.bbc.com/somali/articles/cy9q95z0l8jo,siyaasadd,18,https://www.bbc.com/somali/topics/cwr9jry737xt?page=18,BBC Somali
https://www.bbc.com/somali/articles/cne0r7pgmvwo,siyaasadd,18,https://www.bbc.com/somali/topics/cwr9jry737xt?page=18,BBC Somali
https://www.bbc.com/somali/articles/cy9qv1lxgego,siyaasadd,18,https://www.bbc.com/somali/topics/cwr9jry737xt?page=18,BBC Somali
https://www.bbc.com/somali/articles/c0dg819y4kko,siyaasadd,18,https://www.bbc.com/somali/topics/cwr9jry737xt?page=18,BBC Somali
https://www.bbc.com/somali/articles/c4nqkpy9jpzo,siyaasadd,18,https://www.bbc.com/somali/topics/cwr9jry737xt?page=18,BBC Somali
https://www.bbc.com/somali/articles/cllgrz7jv07o,siyaasadd,18,https://www.bbc.com/somali/topics/cwr9jry737xt?page=18,BBC Somali
https://www.bbc.com/somali/articles/cj7jv1g34xjo,siyaasadd,18,https://www.bbc.com/somali/topics/cwr9jry737xt?page=18,BBC Somali
https://www.bbc.com/somali/articles/crg76z1j0pdo,siyaasadd,18,https://www.bbc.com/somali/topics/cwr9jry737xt?page=18,BBC Somali
https://www.bbc.com/somali/articles/cp69669y9w6o,siyaasadd,18,https://www.bbc.com/somali/topics/cwr9jry737xt?page=18,BBC Somali
https://www.bbc.com/somali/articles/cy9q3jqp1wzo,siyaasadd,18,https://www.bbc.com/somali/topics/cwr9jry737xt?page=18,BBC Somali
https://www.bbc.com/somali/articles/ckvz4ejwelzo,siyaasadd,18,https://www.bbc.com/somali/topics/cwr9jry737xt?page=18,BBC Somali
https://www.bbc.com/somali/articles/cl7n2lz9d4lo,siyaasadd,18,https://www.bbc.com/somali/topics/cwr9jry737xt?page=18,BBC Somali
https://www.bbc.com/somali/articles/c729d315jg0o,siyaasadd,18,https://www.bbc.com/somali/topics/cwr9jry737xt?page=18,BBC Somali
https://www.bbc.com/somali/articles/c0xex7n1q1jo,siyaasadd,18,https://www.bbc.com/somali/topics/cwr9jry737xt?page=18,BBC Somali
https://www.bbc.com/somali/articles/c84xp70k0jzo,siyaasadd,18,https://www.bbc.com/somali/topics/cwr9jry737xt?page=18,BBC Somali
https://www.bbc.com/somali/articles/clew6eezw76o,siyaasadd,18,https://www.bbc.com/somali/topics/cwr9jry737xt?page=18,BBC Somali
https://www.bbc.com/somali/articles/c51vql5k1k3o,siyaasadd,18,https://www.bbc.com/somali/topics/cwr9jry737xt?page=18,BBC Somali
https://www.bbc.com/somali/articles/c80gpww29kno,siyaasadd,18,https://www.bbc.com/somali/topics/cwr9jry737xt?page=18,BBC Somali
https://www.bbc.com/somali/articles/crglv2l7vlno,siyaasadd,19,https://www.bbc.com/somali/topics/cwr9jry737xt?page=19,BBC Somali
https://www.bbc.com/somali/articles/c518m90ey9lo,siyaasadd,19,https://www.bbc.com/somali/topics/cwr9jry737xt?page=19,BBC Somali
https://www.bbc.com/somali/articles/cgeglv45ryjo,siyaasadd,19,https://www.bbc.com/somali/topics/cwr9jry737xt?page=19,BBC Somali
https://www.bbc.com/somali/articles/cw8nyqljp53o,siyaasadd,19,https://www.bbc.com/somali/topics/cwr9jry737xt?page=19,BBC Somali
https://www.bbc.com/somali/articles/cyxggk0v5rqo,siyaasadd,19,https://www.bbc.com/somali/topics/cwr9jry737xt?page=19,BBC Somali
https://www.bbc.com/somali/articles/c038vq3p8d4o,siyaasadd,19,https://www.bbc.com/somali/topics/cwr9jry737xt?page=19,BBC Somali
https://www.bbc.com/somali/articles/czve2vqjn8ro,siyaasadd,19,https://www.bbc.com/somali/topics/cwr9jry737xt?page=19,BBC Somali
https://www.bbc.com/somali/articles/czvk7qzd1vpo,siyaasadd,19,https://www.bbc.com/somali/topics/cwr9jry737xt?page=19,BBC Somali
https://www.bbc.com/somali/articles/cx9n257zq9wo,siyaasadd,19,https://www.bbc.com/somali/topics/cwr9jry737xt?page=19,BBC Somali
https://www.bbc.com/somali/articles/cmmeq246l32o,siyaasadd,19,https://www.bbc.com/somali/topics/cwr9jry737xt?page=19,BBC Somali
https://www.bbc.com/somali/articles/c727d0egwv7o,siyaasadd,19,https://www.bbc.com/somali/topics/cwr9jry737xt?page=19,BBC Somali
https://www.bbc.com/somali/articles/c0j7p8kqq1no,siyaasadd,19,https://www.bbc.com/somali/topics/cwr9jry737xt?page=19,BBC Somali
https://www.bbc.com/somali/articles/cp6wzw561wwo,siyaasadd,19,https://www.bbc.com/somali/topics/cwr9jry737xt?page=19,BBC Somali
https://www.bbc.com/somali/articles/c86y60e203lo,soomaali,1,https://www.bbc.com/somali/topics/cpzd4zk7qrjt?page=1,BBC Somali
https://www.bbc.com/somali/articles/cy0d7789n8ko,soomaali,1,https://www.bbc.com/somali/topics/cpzd4zk7qrjt?page=1,BBC Somali
https://www.bbc.com/somali/articles/cx2d8337zr6o,soomaali,1,https://www.bbc.com/somali/topics/cpzd4zk7qrjt?page=1,BBC Somali
https://www.bbc.com/somali/articles/ce9mrjg1e8ko,soomaali,1,https://www.bbc.com/somali/topics/cpzd4zk7qrjt?page=1,BBC Somali
https://www.bbc.com/somali/articles/c3dl4y4yve2o,soomaali,1,https://www.bbc.com/somali/topics/cpzd4zk7qrjt?page=1,BBC Somali
https://www.bbc.com/somali/articles/cdxde588g7ro,soomaali,1,https://www.bbc.com/somali/topics/cpzd4zk7qrjt?page=1,BBC Somali
https://www.bbc.com/somali/articles/cpd510jy1yqo,soomaali,1,https://www.bbc.com/somali/topics/cpzd4zk7qrjt?page=1,BBC Somali
https://www.bbc.com/somali/articles/c0709vx4gngo,soomaali,1,https://www.bbc.com/somali/topics/cpzd4zk7qrjt?page=1,BBC Somali
https://www.bbc.com/somali/articles/cwywnr77dgqo,soomaali,1,https://www.bbc.com/somali/topics/cpzd4zk7qrjt?page=1,BBC Somali
https://www.bbc.com/somali/articles/cn87kpzdpxpo,soomaali,1,https://www.bbc.com/somali/topics/cpzd4zk7qrjt?page=1,BBC Somali
https://www.bbc.com/somali/articles/c4g829qze8lo,soomaali,1,https://www.bbc.com/somali/topics/cpzd4zk7qrjt?page=1,BBC Somali
https://www.bbc.com/somali/articles/c77mld30z25o,soomaali,1,https://www.bbc.com/somali/topics/cpzd4zk7qrjt?page=1,BBC Somali
https://www.bbc.com/somali/articles/cg7exr9yv94o,soomaali,1,https://www.bbc.com/somali/topics/cpzd4zk7qrjt?page=1,BBC Somali
https://www.bbc.com/somali/articles/cpd8gngjy63o,soomaali,1,https://www.bbc.com/somali/topics/cpzd4zk7qrjt?page=1,BBC Somali
https://www.bbc.com/somali/articles/cx2dj75g4mpo,soomaali,1,https://www.bbc.com/somali/topics/cpzd4zk7qrjt?page=1,BBC Somali
https://www.bbc.com/somali/articles/cg4g672kn6wo,soomaali,1,https://www.bbc.com/somali/topics/cpzd4zk7qrjt?page=1,BBC Somali
https://www.bbc.com/somali/articles/c1eq6p31dwno,soomaali,1,https://www.bbc.com/somali/topics/cpzd4zk7qrjt?page=1,BBC Somali
https://www.bbc.com/somali/articles/cy01g37l72eo,soomaali,1,https://www.bbc.com/somali/topics/cpzd4zk7qrjt?page=1,BBC Somali
https://www.bbc.com/somali/articles/c07jr15nep2o,soomaali,1,https://www.bbc.com/somali/topics/cpzd4zk7qrjt?page=1,BBC Somali
https://www.bbc.com/somali/articles/c795ggdqxxqo,soomaali,1,https://www.bbc.com/somali/topics/cpzd4zk7qrjt?page=1,BBC Somali
https://www.bbc.com/somali/articles/cwy3j3y3k0go,soomaali,1,https://www.bbc.com/somali/topics/cpzd4zk7qrjt?page=1,BBC Somali
https://www.bbc.com/somali/articles/crl4l7z90pdo,soomaali,1,https://www.bbc.com/somali/topics/cpzd4zk7qrjt?page=1,BBC Somali
https://www.bbc.com/somali/articles/cgqgdy7e4n1o,soomaali,1,https://www.bbc.com/somali/topics/cpzd4zk7qrjt?page=1,BBC Somali
https://www.bbc.com/somali/articles/c0e5r1809gno,soomaali,2,https://www.bbc.com/somali/topics/cpzd4zk7qrjt?page=2,BBC Somali
https://www.bbc.com/somali/articles/ckg8rvgllllo,soomaali,2,https://www.bbc.com/somali/topics/cpzd4zk7qrjt?page=2,BBC Somali
https://www.bbc.com/somali/articles/c5y4xl6znpzo,soomaali,2,https://www.bbc.com/somali/topics/cpzd4zk7qrjt?page=2,BBC Somali
https://www.bbc.com/somali/articles/c70n37ewn52o,soomaali,2,https://www.bbc.com/somali/topics/cpzd4zk7qrjt?page=2,BBC Somali
https://www.bbc.com/somali/articles/cx2lywenegxo,soomaali,2,https://www.bbc.com/somali/topics/cpzd4zk7qrjt?page=2,BBC Somali
https://www.bbc.com/somali/articles/ce94xejxe81o,soomaali,2,https://www.bbc.com/somali/topics/cpzd4zk7qrjt?page=2,BBC Somali
https://www.bbc.com/somali/articles/cg4ggvnxkgeo,soomaali,2,https://www.bbc.com/somali/topics/cpzd4zk7qrjt?page=2,BBC Somali
https://www.bbc.com/somali/articles/c70nwj2gyjjo,soomaali,2,https://www.bbc.com/somali/topics/cpzd4zk7qrjt?page=2,BBC Somali
https://www.bbc.com/somali/articles/c1e99lj504lo,soomaali,2,https://www.bbc.com/somali/topics/cpzd4zk7qrjt?page=2,BBC Somali
https://www.bbc.com/somali/articles/cwyk2d22we5o,soomaali,2,https://www.bbc.com/somali/topics/cpzd4zk7qrjt?page=2,BBC Somali
https://www.bbc.com/somali/articles/cnv6q0y42y5o,soomaali,2,https://www.bbc.com/somali/topics/cpzd4zk7qrjt?page=2,BBC Somali
https://www.bbc.com/somali/articles/c8rmn3dkm7jo,soomaali,2,https://www.bbc.com/somali/topics/cpzd4zk7qrjt?page=2,BBC Somali
https://www.bbc.com/somali/articles/cp9m8m3j7exo,soomaali,2,https://www.bbc.com/somali/topics/cpzd4zk7qrjt?page=2,BBC Somali
https://www.bbc.com/somali/articles/c8xy5p9qn9qo,soomaali,2,https://www.bbc.com/somali/topics/cpzd4zk7qrjt?page=2,BBC Somali
https://www.bbc.com/somali/articles/cgrzp1d2wg1o,soomaali,2,https://www.bbc.com/somali/topics/cpzd4zk7qrjt?page=2,BBC Somali
https://www.bbc.com/somali/articles/cgqgn54pgkgo,soomaali,2,https://www.bbc.com/somali/topics/cpzd4zk7qrjt?page=2,BBC Somali
https://www.bbc.com/somali/articles/cx245247xn0o,soomaali,2,https://www.bbc.com/somali/topics/cpzd4zk7qrjt?page=2,BBC Somali
https://www.bbc.com/somali/articles/cj4z84wq5evo,soomaali,2,https://www.bbc.com/somali/topics/cpzd4zk7qrjt?page=2,BBC Somali
https://www.bbc.com/somali/articles/c24d50gjnvlo,soomaali,2,https://www.bbc.com/somali/topics/cpzd4zk7qrjt?page=2,BBC Somali
https://www.bbc.com/somali/articles/c8d5rgj6g0po,soomaali,2,https://www.bbc.com/somali/topics/cpzd4zk7qrjt?page=2,BBC Somali
https://www.bbc.com/somali/articles/cn0ewgk40ggo,soomaali,2,https://www.bbc.com/somali/topics/cpzd4zk7qrjt?page=2,BBC Somali
https://www.bbc.com/somali/articles/cj0ndzpmqr2o,soomaali,3,https://www.bbc.com/somali/topics/cpzd4zk7qrjt?page=3,BBC Somali
https://www.bbc.com/somali/articles/czx3lpn29nxo,soomaali,3,https://www.bbc.com/somali/topics/cpzd4zk7qrjt?page=3,BBC Somali
https://www.bbc.com/somali/articles/c0502pp22yqo,soomaali,3,https://www.bbc.com/somali/topics/cpzd4zk7qrjt?page=3,BBC Somali
https://www.bbc.com/somali/articles/c62njn2nn94o,soomaali,3,https://www.bbc.com/somali/topics/cpzd4zk7qrjt?page=3,BBC Somali
https://www.bbc.com/somali/articles/cn0ypw7e8rwo,soomaali,3,https://www.bbc.com/somali/topics/cpzd4zk7qrjt?page=3,BBC Somali
https://www.bbc.com/somali/articles/cn8jjrpg752o,soomaali,3,https://www.bbc.com/somali/topics/cpzd4zk7qrjt?page=3,BBC Somali
https://www.bbc.com/somali/articles/c14rddkkvklo,soomaali,3,https://www.bbc.com/somali/topics/cpzd4zk7qrjt?page=3,BBC Somali
https://www.bbc.com/somali/articles/c98jrp04r7no,soomaali,3,https://www.bbc.com/somali/topics/cpzd4zk7qrjt?page=3,BBC Somali
https://www.bbc.com/somali/articles/cwy8qj488nvo,soomaali,3,https://www.bbc.com/somali/topics/cpzd4zk7qrjt?page=3,BBC Somali
https://www.bbc.com/somali/articles/c368304jrp8o,soomaali,3,https://www.bbc.com/somali/topics/cpzd4zk7qrjt?page=3,BBC Somali
https://www.bbc.com/somali/articles/c8018rk7385o,soomaali,3,https://www.bbc.com/somali/topics/cpzd4zk7qrjt?page=3,BBC Somali
https://www.bbc.com/somali/articles/c9wxe21qrgko,soomaali,3,https://www.bbc.com/somali/topics/cpzd4zk7qrjt?page=3,BBC Somali
https://www.bbc.com/somali/articles/cew8vyrv7r0o,soomaali,3,https://www.bbc.com/somali/topics/cpzd4zk7qrjt?page=3,BBC Somali
https://www.bbc.com/somali/articles/cx2pz4pk95ko,soomaali,3,https://www.bbc.com/somali/topics/cpzd4zk7qrjt?page=3,BBC Somali
https://www.bbc.com/somali/articles/clymdk4k2mzo,soomaali,3,https://www.bbc.com/somali/topics/cpzd4zk7qrjt?page=3,BBC Somali
https://www.bbc.com/somali/articles/cdex6jnd734o,soomaali,3,https://www.bbc.com/somali/topics/cpzd4zk7qrjt?page=3,BBC Somali
https://www.bbc.com/somali/articles/cvgd2dd7rd1o,soomaali,3,https://www.bbc.com/somali/topics/cpzd4zk7qrjt?page=3,BBC Somali
https://www.bbc.com/somali/articles/cp9j7rv5y5go,soomaali,3,https://www.bbc.com/somali/topics/cpzd4zk7qrjt?page=3,BBC Somali
https://www.bbc.com/somali/articles/c2e1mp71edjo,soomaali,3,https://www.bbc.com/somali/topics/cpzd4zk7qrjt?page=3,BBC Somali
https://www.bbc.com/somali/articles/ckgvenwk1wxo,soomaali,4,https://www.bbc.com/somali/topics/cpzd4zk7qrjt?page=4,BBC Somali
https://www.bbc.com/somali/articles/cq847yqyvpwo,soomaali,4,https://www.bbc.com/somali/topics/cpzd4zk7qrjt?page=4,BBC Somali
https://www.bbc.com/somali/articles/c74v042kvm7o,soomaali,4,https://www.bbc.com/somali/topics/cpzd4zk7qrjt?page=4,BBC Somali
https://www.bbc.com/somali/articles/cvgd7del34jo,soomaali,4,https://www.bbc.com/somali/topics/cpzd4zk7qrjt?page=4,BBC Somali
https://www.bbc.com/somali/articles/cvgn9rkjrpjo,soomaali,4,https://www.bbc.com/somali/topics/cpzd4zk7qrjt?page=4,BBC Somali
https://www.bbc.com/somali/articles/cq845lp132lo,soomaali,4,https://www.bbc.com/somali/topics/cpzd4zk7qrjt?page=4,BBC Somali
https://www.bbc.com/somali/articles/cx2l70kw69wo,soomaali,4,https://www.bbc.com/somali/topics/cpzd4zk7qrjt?page=4,BBC Somali
https://www.bbc.com/somali/articles/crkrx2d57k3o,soomaali,4,https://www.bbc.com/somali/topics/cpzd4zk7qrjt?page=4,BBC Somali
https://www.bbc.com/somali/articles/cq845npzl3xo,soomaali,4,https://www.bbc.com/somali/topics/cpzd4zk7qrjt?page=4,BBC Somali
https://www.bbc.com/somali/articles/c98plj5p4j6o,soomaali,4,https://www.bbc.com/somali/topics/cpzd4zk7qrjt?page=4,BBC Somali
https://www.bbc.com/somali/articles/ce8rm45gkd6o,soomaali,4,https://www.bbc.com/somali/topics/cpzd4zk7qrjt?page=4,BBC Somali
https://www.bbc.com/somali/articles/clyn80ldz1vo,soomaali,4,https://www.bbc.com/somali/topics/cpzd4zk7qrjt?page=4,BBC Somali
https://www.bbc.com/somali/articles/crlej0893p4o,soomaali,4,https://www.bbc.com/somali/topics/cpzd4zk7qrjt?page=4,BBC Somali
https://www.bbc.com/somali/articles/cvg5w7v03e0o,soomaali,4,https://www.bbc.com/somali/topics/cpzd4zk7qrjt?page=4,BBC Somali
https://www.bbc.com/somali/articles/ckgnj0d9gzqo,soomaali,4,https://www.bbc.com/somali/topics/cpzd4zk7qrjt?page=4,BBC Somali
https://www.bbc.com/somali/articles/c74wzxe20zdo,soomaali,4,https://www.bbc.com/somali/topics/cpzd4zk7qrjt?page=4,BBC Somali
https://www.bbc.com/somali/articles/c931l94vx41o,soomaali,4,https://www.bbc.com/somali/topics/cpzd4zk7qrjt?page=4,BBC Somali
https://www.bbc.com/somali/articles/c79re5z01ypo,soomaali,4,https://www.bbc.com/somali/topics/cpzd4zk7qrjt?page=4,BBC Somali
https://www.bbc.com/somali/articles/ckgkgp2p9l7o,soomaali,5,https://www.bbc.com/somali/topics/cpzd4zk7qrjt?page=5,BBC Somali
https://www.bbc.com/somali/articles/c7838n2n31do,soomaali,5,https://www.bbc.com/somali/topics/cpzd4zk7qrjt?page=5,BBC Somali
https://www.bbc.com/somali/articles/ce8gd1vddm4o,soomaali,5,https://www.bbc.com/somali/topics/cpzd4zk7qrjt?page=5,BBC Somali
https://www.bbc.com/somali/articles/cwypyxqen7no,soomaali,5,https://www.bbc.com/somali/topics/cpzd4zk7qrjt?page=5,BBC Somali
https://www.bbc.com/somali/articles/c62nqj05g9do,soomaali,5,https://www.bbc.com/somali/topics/cpzd4zk7qrjt?page=5,BBC Somali
https://www.bbc.com/somali/articles/cgrd2ykz2v7o,soomaali,5,https://www.bbc.com/somali/topics/cpzd4zk7qrjt?page=5,BBC Somali
https://www.bbc.com/somali/articles/cyvgdmlj07go,soomaali,5,https://www.bbc.com/somali/topics/cpzd4zk7qrjt?page=5,BBC Somali
https://www.bbc.com/somali/articles/cx2p2jwe7xlo,soomaali,5,https://www.bbc.com/somali/topics/cpzd4zk7qrjt?page=5,BBC Somali
https://www.bbc.com/somali/articles/c1dkg2v1ggqo,soomaali,5,https://www.bbc.com/somali/topics/cpzd4zk7qrjt?page=5,BBC Somali
https://www.bbc.com/somali/articles/cjdj35kpgnko,soomaali,5,https://www.bbc.com/somali/topics/cpzd4zk7qrjt?page=5,BBC Somali
https://www.bbc.com/somali/articles/cjw1240ex2no,soomaali,5,https://www.bbc.com/somali/topics/cpzd4zk7qrjt?page=5,BBC Somali
https://www.bbc.com/somali/articles/cq8d8ykeeeko,soomaali,5,https://www.bbc.com/somali/topics/cpzd4zk7qrjt?page=5,BBC Somali
https://www.bbc.com/somali/articles/cj0n81ydn8do,soomaali,5,https://www.bbc.com/somali/topics/cpzd4zk7qrjt?page=5,BBC Somali
https://www.bbc.com/somali/articles/cvgxllxgpq3o,soomaali,5,https://www.bbc.com/somali/topics/cpzd4zk7qrjt?page=5,BBC Somali
https://www.bbc.com/somali/articles/crml2n73mx7o,soomaali,5,https://www.bbc.com/somali/topics/cpzd4zk7qrjt?page=5,BBC Somali
https://www.bbc.com/somali/articles/cx2x4k6n0yeo,soomaali,5,https://www.bbc.com/somali/topics/cpzd4zk7qrjt?page=5,BBC Somali
https://www.bbc.com/somali/articles/c0jvpwvxndvo,soomaali,5,https://www.bbc.com/somali/topics/cpzd4zk7qrjt?page=5,BBC Somali
https://www.bbc.com/somali/articles/c1e4wzg1zpvo,soomaali,5,https://www.bbc.com/somali/topics/cpzd4zk7qrjt?page=5,BBC Somali
https://www.bbc.com/somali/articles/cy7vrp4665lo,soomaali,5,https://www.bbc.com/somali/topics/cpzd4zk7qrjt?page=5,BBC Somali
https://www.bbc.com/somali/articles/c79x99j5w19o,soomaali,5,https://www.bbc.com/somali/topics/cpzd4zk7qrjt?page=5,BBC Somali
https://www.bbc.com/somali/articles/cdrnryg582eo,soomaali,5,https://www.bbc.com/somali/topics/cpzd4zk7qrjt?page=5,BBC Somali
https://www.bbc.com/somali/articles/cdrnr60le27o,soomaali,5,https://www.bbc.com/somali/topics/cpzd4zk7qrjt?page=5,BBC Somali
https://www.bbc.com/somali/articles/cyvgdr9g2vlo,soomaali,5,https://www.bbc.com/somali/topics/cpzd4zk7qrjt?page=5,BBC Somali
https://www.bbc.com/somali/articles/cz9478dgwdqo,soomaali,6,https://www.bbc.com/somali/topics/cpzd4zk7qrjt?page=6,BBC Somali
https://www.bbc.com/somali/articles/cjez583g05jo,soomaali,6,https://www.bbc.com/somali/topics/cpzd4zk7qrjt?page=6,BBC Somali
https://www.bbc.com/somali/articles/cdxezk94v2go,soomaali,6,https://www.bbc.com/somali/topics/cpzd4zk7qrjt?page=6,BBC Somali
https://www.bbc.com/somali/articles/cp89gw1d067o,soomaali,6,https://www.bbc.com/somali/topics/cpzd4zk7qrjt?page=6,BBC Somali
https://www.bbc.com/somali/articles/c4g5q7rv3nro,soomaali,6,https://www.bbc.com/somali/topics/cpzd4zk7qrjt?page=6,BBC Somali
https://www.bbc.com/somali/articles/clyx7p9893lo,soomaali,6,https://www.bbc.com/somali/topics/cpzd4zk7qrjt?page=6,BBC Somali
https://www.bbc.com/somali/articles/c80wwx9en1eo,soomaali,6,https://www.bbc.com/somali/topics/cpzd4zk7qrjt?page=6,BBC Somali
https://www.bbc.com/somali/articles/ceq1d8ewx97o,soomaali,6,https://www.bbc.com/somali/topics/cpzd4zk7qrjt?page=6,BBC Somali
https://www.bbc.com/somali/articles/cwyvzngw8jko,soomaali,6,https://www.bbc.com/somali/topics/cpzd4zk7qrjt?page=6,BBC Somali
https://www.bbc.com/somali/articles/ce8q5yg0ydro,soomaali,6,https://www.bbc.com/somali/topics/cpzd4zk7qrjt?page=6,BBC Somali
https://www.bbc.com/somali/articles/c98nqm049zno,soomaali,6,https://www.bbc.com/somali/topics/cpzd4zk7qrjt?page=6,BBC Somali
https://www.bbc.com/somali/articles/cgexwple4l3o,soomaali,6,https://www.bbc.com/somali/topics/cpzd4zk7qrjt?page=6,BBC Somali
https://www.bbc.com/somali/articles/c98nzql22q7o,soomaali,6,https://www.bbc.com/somali/topics/cpzd4zk7qrjt?page=6,BBC Somali
https://www.bbc.com/somali/articles/c5yq0ne3gjqo,soomaali,6,https://www.bbc.com/somali/topics/cpzd4zk7qrjt?page=6,BBC Somali
https://www.bbc.com/somali/articles/cqxqlz742r5o,soomaali,6,https://www.bbc.com/somali/topics/cpzd4zk7qrjt?page=6,BBC Somali
https://www.bbc.com/somali/articles/c0r92vkpg7xo,soomaali,6,https://www.bbc.com/somali/topics/cpzd4zk7qrjt?page=6,BBC Somali
https://www.bbc.com/somali/articles/c39pzvpw93mo,soomaali,7,https://www.bbc.com/somali/topics/cpzd4zk7qrjt?page=7,BBC Somali
https://www.bbc.com/somali/articles/c1j9z929z1xo,soomaali,7,https://www.bbc.com/somali/topics/cpzd4zk7qrjt?page=7,BBC Somali
https://www.bbc.com/somali/articles/c3v111zx03po,soomaali,7,https://www.bbc.com/somali/topics/cpzd4zk7qrjt?page=7,BBC Somali
https://www.bbc.com/somali/articles/ce3zk187n5yo,soomaali,7,https://www.bbc.com/somali/topics/cpzd4zk7qrjt?page=7,BBC Somali
https://www.bbc.com/somali/articles/c2ep127yepyo,soomaali,7,https://www.bbc.com/somali/topics/cpzd4zk7qrjt?page=7,BBC Somali
https://www.bbc.com/somali/articles/c3r7jqwxyvro,soomaali,7,https://www.bbc.com/somali/topics/cpzd4zk7qrjt?page=7,BBC Somali
https://www.bbc.com/somali/articles/cde6z3zp7wwo,soomaali,7,https://www.bbc.com/somali/topics/cpzd4zk7qrjt?page=7,BBC Somali
https://www.bbc.com/somali/articles/c997714594xo,soomaali,7,https://www.bbc.com/somali/topics/cpzd4zk7qrjt?page=7,BBC Somali
https://www.bbc.com/somali/articles/c62ll2qr26ro,soomaali,7,https://www.bbc.com/somali/topics/cpzd4zk7qrjt?page=7,BBC Somali
https://www.bbc.com/somali/articles/c9w7dpdzwr1o,soomaali,7,https://www.bbc.com/somali/topics/cpzd4zk7qrjt?page=7,BBC Somali
https://www.bbc.com/somali/articles/cgqzz4j4lx1o,soomaali,7,https://www.bbc.com/somali/topics/cpzd4zk7qrjt?page=7,BBC Somali
https://www.bbc.com/somali/articles/czdgr2vylvro,soomaali,7,https://www.bbc.com/somali/topics/cpzd4zk7qrjt?page=7,BBC Somali
https://www.bbc.com/somali/articles/cvg1rgymdqno,soomaali,7,https://www.bbc.com/somali/topics/cpzd4zk7qrjt?page=7,BBC Somali
https://www.bbc.com/somali/articles/cgmn442xzvno,soomaali,7,https://www.bbc.com/somali/topics/cpzd4zk7qrjt?page=7,BBC Somali
https://www.bbc.com/somali/articles/cpq4v5j8xlvo,soomaali,7,https://www.bbc.com/somali/topics/cpzd4zk7qrjt?page=7,BBC Somali
https://www.bbc.com/somali/articles/c23e72rvrkgo,soomaali,7,https://www.bbc.com/somali/topics/cpzd4zk7qrjt?page=7,BBC Somali
https://www.bbc.com/somali/articles/cx2d4ddvvl1o,soomaali,7,https://www.bbc.com/somali/topics/cpzd4zk7qrjt?page=7,BBC Somali
https://www.bbc.com/somali/articles/cn41g80xglgo,soomaali,7,https://www.bbc.com/somali/topics/cpzd4zk7qrjt?page=7,BBC Somali
https://www.bbc.com/somali/articles/cdd5ny1e2p2o,soomaali,7,https://www.bbc.com/somali/topics/cpzd4zk7qrjt?page=7,BBC Somali
https://www.bbc.com/somali/articles/c8r3p7312m7o,soomaali,7,https://www.bbc.com/somali/topics/cpzd4zk7qrjt?page=7,BBC Somali
https://www.bbc.com/somali/articles/cdd5m510gmlo,soomaali,7,https://www.bbc.com/somali/topics/cpzd4zk7qrjt?page=7,BBC Somali
https://www.bbc.com/somali/articles/ce3wq5n34rpo,soomaali,8,https://www.bbc.com/somali/topics/cpzd4zk7qrjt?page=8,BBC Somali
https://www.bbc.com/somali/articles/cwypddje0xwo,soomaali,8,https://www.bbc.com/somali/topics/cpzd4zk7qrjt?page=8,BBC Somali
https://www.bbc.com/somali/articles/c4gvrk2q190o,soomaali,8,https://www.bbc.com/somali/topics/cpzd4zk7qrjt?page=8,BBC Somali
https://www.bbc.com/somali/articles/ce3wv66vq7no,soomaali,8,https://www.bbc.com/somali/topics/cpzd4zk7qrjt?page=8,BBC Somali
https://www.bbc.com/somali/articles/c9w7ljkwpe8o,soomaali,8,https://www.bbc.com/somali/topics/cpzd4zk7qrjt?page=8,BBC Somali
https://www.bbc.com/somali/articles/czxg19l6094o,soomaali,8,https://www.bbc.com/somali/topics/cpzd4zk7qrjt?page=8,BBC Somali
https://www.bbc.com/somali/articles/cq5q4w4ddqzo,soomaali,8,https://www.bbc.com/somali/topics/cpzd4zk7qrjt?page=8,BBC Somali
https://www.bbc.com/somali/articles/cj9yjpz2y0wo,soomaali,8,https://www.bbc.com/somali/topics/cpzd4zk7qrjt?page=8,BBC Somali
https://www.bbc.com/somali/articles/cpvdnppz4zro,soomaali,8,https://www.bbc.com/somali/topics/cpzd4zk7qrjt?page=8,BBC Somali
https://www.bbc.com/somali/articles/cwyvw1z5zlyo,soomaali,8,https://www.bbc.com/somali/topics/cpzd4zk7qrjt?page=8,BBC Somali
https://www.bbc.com/somali/articles/cr7lng98yzmo,soomaali,8,https://www.bbc.com/somali/topics/cpzd4zk7qrjt?page=8,BBC Somali
https://www.bbc.com/somali/articles/cr5zd102g73o,soomaali,8,https://www.bbc.com/somali/topics/cpzd4zk7qrjt?page=8,BBC Somali
https://www.bbc.com/somali/articles/cre370zz2p9o,soomaali,8,https://www.bbc.com/somali/topics/cpzd4zk7qrjt?page=8,BBC Somali
https://www.bbc.com/somali/articles/c7731kvrl1mo,soomaali,8,https://www.bbc.com/somali/topics/cpzd4zk7qrjt?page=8,BBC Somali
https://www.bbc.com/somali/articles/c20gnr6yyplo,soomaali,8,https://www.bbc.com/somali/topics/cpzd4zk7qrjt?page=8,BBC Somali
https://www.bbc.com/somali/articles/cr7l813ex0do,soomaali,8,https://www.bbc.com/somali/topics/cpzd4zk7qrjt?page=8,BBC Somali
https://www.bbc.com/somali/articles/c62ljvg1rgpo,soomaali,8,https://www.bbc.com/somali/topics/cpzd4zk7qrjt?page=8,BBC Somali
https://www.bbc.com/somali/articles/c157q89g4dpo,soomaali,8,https://www.bbc.com/somali/topics/cpzd4zk7qrjt?page=8,BBC Somali
https://www.bbc.com/somali/articles/cwyv0wk3lvlo,soomaali,8,https://www.bbc.com/somali/topics/cpzd4zk7qrjt?page=8,BBC Somali
https://www.bbc.com/somali/articles/cn5lznz2qpvo,soomaali,8,https://www.bbc.com/somali/topics/cpzd4zk7qrjt?page=8,BBC Somali
https://www.bbc.com/somali/articles/crk7epyyz3mo,soomaali,8,https://www.bbc.com/somali/topics/cpzd4zk7qrjt?page=8,BBC Somali
https://www.bbc.com/somali/articles/clyd556md4ko,soomaali,8,https://www.bbc.com/somali/topics/cpzd4zk7qrjt?page=8,BBC Somali
https://www.bbc.com/somali/articles/cwyx53en65jo,soomaali,9,https://www.bbc.com/somali/topics/cpzd4zk7qrjt?page=9,BBC Somali
https://www.bbc.com/somali/articles/cy7e24ye01zo,soomaali,9,https://www.bbc.com/somali/topics/cpzd4zk7qrjt?page=9,BBC Somali
https://www.bbc.com/somali/articles/cx2yl8kxee9o,soomaali,9,https://www.bbc.com/somali/topics/cpzd4zk7qrjt?page=9,BBC Somali
https://www.bbc.com/somali/articles/cvg1re42kyvo,soomaali,9,https://www.bbc.com/somali/topics/cpzd4zk7qrjt?page=9,BBC Somali
https://www.bbc.com/somali/articles/c625elpleg1o,soomaali,9,https://www.bbc.com/somali/topics/cpzd4zk7qrjt?page=9,BBC Somali
https://www.bbc.com/somali/articles/ceq0vr4qedlo,soomaali,9,https://www.bbc.com/somali/topics/cpzd4zk7qrjt?page=9,BBC Somali
https://www.bbc.com/somali/articles/c20p4xex0eeo,soomaali,9,https://www.bbc.com/somali/topics/cpzd4zk7qrjt?page=9,BBC Somali
https://www.bbc.com/somali/articles/cz6n2xl6yz9o,soomaali,9,https://www.bbc.com/somali/topics/cpzd4zk7qrjt?page=9,BBC Somali
https://www.bbc.com/somali/articles/c9v1v0kl3k2o,soomaali,9,https://www.bbc.com/somali/topics/cpzd4zk7qrjt?page=9,BBC Somali
https://www.bbc.com/somali/articles/ce8z8p27z68o,soomaali,9,https://www.bbc.com/somali/topics/cpzd4zk7qrjt?page=9,BBC Somali
https://www.bbc.com/somali/articles/c80383jzkv4o,soomaali,9,https://www.bbc.com/somali/topics/cpzd4zk7qrjt?page=9,BBC Somali
https://www.bbc.com/somali/articles/c2kp24lnvjko,soomaali,9,https://www.bbc.com/somali/topics/cpzd4zk7qrjt?page=9,BBC Somali
https://www.bbc.com/somali/articles/cg513d7qryyo,soomaali,9,https://www.bbc.com/somali/topics/cpzd4zk7qrjt?page=9,BBC Somali
https://www.bbc.com/somali/articles/c70jgw6xxdyo,soomaali,9,https://www.bbc.com/somali/topics/cpzd4zk7qrjt?page=9,BBC Somali
https://www.bbc.com/somali/articles/cn40ny0dlego,soomaali,9,https://www.bbc.com/somali/topics/cpzd4zk7qrjt?page=9,BBC Somali
https://www.bbc.com/somali/articles/cd7rwey9p1lo,soomaali,9,https://www.bbc.com/somali/topics/cpzd4zk7qrjt?page=9,BBC Somali
https://www.bbc.com/somali/articles/cql91eq4zl9o,soomaali,9,https://www.bbc.com/somali/topics/cpzd4zk7qrjt?page=9,BBC Somali
https://www.bbc.com/somali/articles/cg5134r3933o,soomaali,9,https://www.bbc.com/somali/topics/cpzd4zk7qrjt?page=9,BBC Somali
https://www.bbc.com/somali/articles/cvgv9jn93jdo,soomaali,9,https://www.bbc.com/somali/topics/cpzd4zk7qrjt?page=9,BBC Somali
https://www.bbc.com/somali/articles/c78zy5lzpepo,soomaali,9,https://www.bbc.com/somali/topics/cpzd4zk7qrjt?page=9,BBC Somali
https://www.bbc.com/somali/articles/cr5eyj36gelo,soomaali,9,https://www.bbc.com/somali/topics/cpzd4zk7qrjt?page=9,BBC Somali
https://www.bbc.com/somali/articles/clydlqvz2wxo,soomaali,9,https://www.bbc.com/somali/topics/cpzd4zk7qrjt?page=9,BBC Somali
https://www.bbc.com/somali/articles/cdrz4x858ryo,soomaali,9,https://www.bbc.com/somali/topics/cpzd4zk7qrjt?page=9,BBC Somali
https://www.bbc.com/somali/articles/cwypv893dlvo,soomaali,10,https://www.bbc.com/somali/topics/cpzd4zk7qrjt?page=10,BBC Somali
https://www.bbc.com/somali/articles/cx2p9r0jnweo,soomaali,10,https://www.bbc.com/somali/topics/cpzd4zk7qrjt?page=10,BBC Somali
https://www.bbc.com/somali/articles/cy687613j13o,soomaali,10,https://www.bbc.com/somali/topics/cpzd4zk7qrjt?page=10,BBC Somali
https://www.bbc.com/somali/articles/cdx4271259go,soomaali,10,https://www.bbc.com/somali/topics/cpzd4zk7qrjt?page=10,BBC Somali
https://www.bbc.com/somali/articles/cd67v4x7xlvo,soomaali,10,https://www.bbc.com/somali/topics/cpzd4zk7qrjt?page=10,BBC Somali
https://www.bbc.com/somali/articles/c0kpxv0r5z8o,soomaali,10,https://www.bbc.com/somali/topics/cpzd4zk7qrjt?page=10,BBC Somali
https://www.bbc.com/somali/articles/c4gwj5xk678o,soomaali,10,https://www.bbc.com/somali/topics/cpzd4zk7qrjt?page=10,BBC Somali
https://www.bbc.com/somali/articles/c24lqvvmj76o,soomaali,10,https://www.bbc.com/somali/topics/cpzd4zk7qrjt?page=10,BBC Somali
https://www.bbc.com/somali/articles/cly16e17pppo,soomaali,10,https://www.bbc.com/somali/topics/cpzd4zk7qrjt?page=10,BBC Somali
https://www.bbc.com/somali/articles/cp8e9ypn632o,soomaali,10,https://www.bbc.com/somali/topics/cpzd4zk7qrjt?page=10,BBC Somali
https://www.bbc.com/somali/articles/c3epd91732no,soomaali,10,https://www.bbc.com/somali/topics/cpzd4zk7qrjt?page=10,BBC Somali
https://www.bbc.com/somali/articles/cg43ev2qqr0o,soomaali,10,https://www.bbc.com/somali/topics/cpzd4zk7qrjt?page=10,BBC Somali
https://www.bbc.com/somali/articles/cwykeqz76vgo,soomaali,10,https://www.bbc.com/somali/topics/cpzd4zk7qrjt?page=10,BBC Somali
https://www.bbc.com/somali/articles/cvg762jjn5no,soomaali,10,https://www.bbc.com/somali/topics/cpzd4zk7qrjt?page=10,BBC Somali
https://www.bbc.com/somali/articles/c0mxkl99wx4o,soomaali,10,https://www.bbc.com/somali/topics/cpzd4zk7qrjt?page=10,BBC Somali
https://www.bbc.com/somali/articles/c0l7zjn5r7eo,soomaali,10,https://www.bbc.com/somali/topics/cpzd4zk7qrjt?page=10,BBC Somali
https://www.bbc.com/somali/articles/c07mk4l7d77o,soomaali,10,https://www.bbc.com/somali/topics/cpzd4zk7qrjt?page=10,BBC Somali
https://www.bbc.com/somali/articles/cwy1g94jp21o,soomaali,10,https://www.bbc.com/somali/topics/cpzd4zk7qrjt?page=10,BBC Somali
https://www.bbc.com/somali/articles/c4gwrxvv758o,soomaali,10,https://www.bbc.com/somali/topics/cpzd4zk7qrjt?page=10,BBC Somali
https://www.bbc.com/somali/articles/ced6xzgdeplo,soomaali,10,https://www.bbc.com/somali/topics/cpzd4zk7qrjt?page=10,BBC Somali
https://www.bbc.com/somali/articles/cjed8q7d507o,soomaali,11,https://www.bbc.com/somali/topics/cpzd4zk7qrjt?page=11,BBC Somali
https://www.bbc.com/somali/articles/ckgyrdzmvzdo,soomaali,11,https://www.bbc.com/somali/topics/cpzd4zk7qrjt?page=11,BBC Somali
https://www.bbc.com/somali/articles/cpq589895pno,soomaali,11,https://www.bbc.com/somali/topics/cpzd4zk7qrjt?page=11,BBC Somali
https://www.bbc.com/somali/articles/cjr5jr395dno,soomaali,11,https://www.bbc.com/somali/topics/cpzd4zk7qrjt?page=11,BBC Somali
https://www.bbc.com/somali/articles/c3vzvy3d1yno,soomaali,11,https://www.bbc.com/somali/topics/cpzd4zk7qrjt?page=11,BBC Somali
https://www.bbc.com/somali/articles/c24rmym9zzqo,soomaali,11,https://www.bbc.com/somali/topics/cpzd4zk7qrjt?page=11,BBC Somali
https://www.bbc.com/somali/articles/cyv61zv5nnzo,soomaali,11,https://www.bbc.com/somali/topics/cpzd4zk7qrjt?page=11,BBC Somali
https://www.bbc.com/somali/articles/c784ydy7e6eo,soomaali,11,https://www.bbc.com/somali/topics/cpzd4zk7qrjt?page=11,BBC Somali
https://www.bbc.com/somali/articles/c7843edl065o,soomaali,11,https://www.bbc.com/somali/topics/cpzd4zk7qrjt?page=11,BBC Somali
https://www.bbc.com/somali/articles/cm2zp11mymro,soomaali,11,https://www.bbc.com/somali/topics/cpzd4zk7qrjt?page=11,BBC Somali
https://www.bbc.com/somali/articles/cjr59e8vxgno,soomaali,11,https://www.bbc.com/somali/topics/cpzd4zk7qrjt?page=11,BBC Somali
https://www.bbc.com/somali/articles/cvg4rv11gr6o,soomaali,11,https://www.bbc.com/somali/topics/cpzd4zk7qrjt?page=11,BBC Somali
https://www.bbc.com/somali/articles/cx24xn04w1do,soomaali,11,https://www.bbc.com/somali/topics/cpzd4zk7qrjt?page=11,BBC Somali
https://www.bbc.com/somali/articles/ckgyw8zw442o,soomaali,11,https://www.bbc.com/somali/topics/cpzd4zk7qrjt?page=11,BBC Somali
https://www.bbc.com/somali/articles/c79vpxjnwzgo,soomaali,11,https://www.bbc.com/somali/topics/cpzd4zk7qrjt?page=11,BBC Somali
https://www.bbc.com/somali/articles/cderxz0e2zjo,soomaali,11,https://www.bbc.com/somali/topics/cpzd4zk7qrjt?page=11,BBC Somali
https://www.bbc.com/somali/articles/c4g9j1p2n90o,soomaali,11,https://www.bbc.com/somali/topics/cpzd4zk7qrjt?page=11,BBC Somali
https://www.bbc.com/somali/articles/cgrqkqkrjd8o,soomaali,11,https://www.bbc.com/somali/topics/cpzd4zk7qrjt?page=11,BBC Somali
https://www.bbc.com/somali/articles/cvg4jndjpnro,soomaali,11,https://www.bbc.com/somali/topics/cpzd4zk7qrjt?page=11,BBC Somali
https://www.bbc.com/somali/articles/c708lnlwd88o,soomaali,11,https://www.bbc.com/somali/topics/cpzd4zk7qrjt?page=11,BBC Somali
https://www.bbc.com/somali/articles/cqjejvlv1klo,soomaali,11,https://www.bbc.com/somali/topics/cpzd4zk7qrjt?page=11,BBC Somali
https://www.bbc.com/somali/articles/crrjw9zlkxjo,soomaali,12,https://www.bbc.com/somali/topics/cpzd4zk7qrjt?page=12,BBC Somali
https://www.bbc.com/somali/articles/cx25lj7vevxo,soomaali,12,https://www.bbc.com/somali/topics/cpzd4zk7qrjt?page=12,BBC Somali
https://www.bbc.com/somali/articles/crm4m48jykno,soomaali,12,https://www.bbc.com/somali/topics/cpzd4zk7qrjt?page=12,BBC Somali
https://www.bbc.com/somali/articles/cx2p5gmk252o,soomaali,12,https://www.bbc.com/somali/topics/cpzd4zk7qrjt?page=12,BBC Somali
https://www.bbc.com/somali/articles/cvgn6l1ny2ko,soomaali,12,https://www.bbc.com/somali/topics/cpzd4zk7qrjt?page=12,BBC Somali
https://www.bbc.com/somali/articles/clyryyk3ln4o,soomaali,12,https://www.bbc.com/somali/topics/cpzd4zk7qrjt?page=12,BBC Somali
https://www.bbc.com/somali/articles/cgkn33d8n12o,soomaali,12,https://www.bbc.com/somali/topics/cpzd4zk7qrjt?page=12,BBC Somali
https://www.bbc.com/somali/articles/cp98nv8lym0o,soomaali,12,https://www.bbc.com/somali/topics/cpzd4zk7qrjt?page=12,BBC Somali
https://www.bbc.com/somali/articles/c0q7wd71q0zo,soomaali,12,https://www.bbc.com/somali/topics/cpzd4zk7qrjt?page=12,BBC Somali
https://www.bbc.com/somali/articles/cvgqp4p3kego,soomaali,12,https://www.bbc.com/somali/topics/cpzd4zk7qrjt?page=12,BBC Somali
https://www.bbc.com/somali/articles/czrp1mxjvp6o,soomaali,12,https://www.bbc.com/somali/topics/cpzd4zk7qrjt?page=12,BBC Somali
https://www.bbc.com/somali/articles/cwy97lr2zqpo,soomaali,12,https://www.bbc.com/somali/topics/cpzd4zk7qrjt?page=12,BBC Somali
https://www.bbc.com/somali/articles/cdx226lk0qqo,soomaali,12,https://www.bbc.com/somali/topics/cpzd4zk7qrjt?page=12,BBC Somali
https://www.bbc.com/somali/articles/cm2d7rrlpejo,soomaali,12,https://www.bbc.com/somali/topics/cpzd4zk7qrjt?page=12,BBC Somali
https://www.bbc.com/somali/articles/cdxyxjr4n1qo,soomaali,12,https://www.bbc.com/somali/topics/cpzd4zk7qrjt?page=12,BBC Somali
https://www.bbc.com/somali/articles/c7841ly125eo,soomaali,12,https://www.bbc.com/somali/topics/cpzd4zk7qrjt?page=12,BBC Somali
https://www.bbc.com/somali/articles/c864wy7p8ego,soomaali,12,https://www.bbc.com/somali/topics/cpzd4zk7qrjt?page=12,BBC Somali
https://www.bbc.com/somali/articles/c8x50k145neo,soomaali,12,https://www.bbc.com/somali/topics/cpzd4zk7qrjt?page=12,BBC Somali
https://www.bbc.com/somali/articles/cm2zyjl12ezo,soomaali,12,https://www.bbc.com/somali/topics/cpzd4zk7qrjt?page=12,BBC Somali
https://www.bbc.com/somali/articles/c890jw7xd70o,soomaali,13,https://www.bbc.com/somali/topics/cpzd4zk7qrjt?page=13,BBC Somali
https://www.bbc.com/somali/articles/c7vln4lm35jo,soomaali,13,https://www.bbc.com/somali/topics/cpzd4zk7qrjt?page=13,BBC Somali
https://www.bbc.com/somali/articles/c98l22em91do,soomaali,13,https://www.bbc.com/somali/topics/cpzd4zk7qrjt?page=13,BBC Somali
https://www.bbc.com/somali/articles/c0mlk1n3j7eo,soomaali,13,https://www.bbc.com/somali/topics/cpzd4zk7qrjt?page=13,BBC Somali
https://www.bbc.com/somali/articles/cq5811g5x3go,soomaali,13,https://www.bbc.com/somali/topics/cpzd4zk7qrjt?page=13,BBC Somali
https://www.bbc.com/somali/articles/c3ez0jdqyvyo,soomaali,13,https://www.bbc.com/somali/topics/cpzd4zk7qrjt?page=13,BBC Somali
https://www.bbc.com/somali/articles/cjeyndy2zl2o,soomaali,13,https://www.bbc.com/somali/topics/cpzd4zk7qrjt?page=13,BBC Somali
https://www.bbc.com/somali/articles/c2djnw02897o,soomaali,13,https://www.bbc.com/somali/topics/cpzd4zk7qrjt?page=13,BBC Somali
https://www.bbc.com/somali/articles/c7765m8enl6o,soomaali,13,https://www.bbc.com/somali/topics/cpzd4zk7qrjt?page=13,BBC Somali
https://www.bbc.com/somali/articles/cm2ky2kmr3lo,soomaali,13,https://www.bbc.com/somali/topics/cpzd4zk7qrjt?page=13,BBC Somali
https://www.bbc.com/somali/articles/cj4w0qlkwy7o,soomaali,13,https://www.bbc.com/somali/topics/cpzd4zk7qrjt?page=13,BBC Somali
https://www.bbc.com/somali/articles/cger551vjq4o,soomaali,13,https://www.bbc.com/somali/topics/cpzd4zk7qrjt?page=13,BBC Somali
https://www.bbc.com/somali/articles/cj4wrkvz1rno,soomaali,13,https://www.bbc.com/somali/topics/cpzd4zk7qrjt?page=13,BBC Somali
https://www.bbc.com/somali/articles/c78z0znj7ndo,soomaali,13,https://www.bbc.com/somali/topics/cpzd4zk7qrjt?page=13,BBC Somali
https://www.bbc.com/somali/articles/cpqvpyr9g12o,soomaali,13,https://www.bbc.com/somali/topics/cpzd4zk7qrjt?page=13,BBC Somali
https://www.bbc.com/somali/articles/c1w88951013o,soomaali,13,https://www.bbc.com/somali/topics/cpzd4zk7qrjt?page=13,BBC Somali
https://www.bbc.com/somali/articles/ckglv24rw99o,soomaali,13,https://www.bbc.com/somali/topics/cpzd4zk7qrjt?page=13,BBC Somali
https://www.bbc.com/somali/articles/c0e9lyq02pro,soomaali,13,https://www.bbc.com/somali/topics/cpzd4zk7qrjt?page=13,BBC Somali
https://www.bbc.com/somali/articles/c987wwj5g1xo,soomaali,13,https://www.bbc.com/somali/topics/cpzd4zk7qrjt?page=13,BBC Somali
https://www.bbc.com/somali/articles/c24zgyve9dgo,soomaali,13,https://www.bbc.com/somali/topics/cpzd4zk7qrjt?page=13,BBC Somali
https://www.bbc.com/somali/articles/clyjq940100o,soomaali,13,https://www.bbc.com/somali/topics/cpzd4zk7qrjt?page=13,BBC Somali
https://www.bbc.com/somali/articles/cx27k7043x4o,soomaali,14,https://www.bbc.com/somali/topics/cpzd4zk7qrjt?page=14,BBC Somali
https://www.bbc.com/somali/articles/c0qln4gwydlo,soomaali,14,https://www.bbc.com/somali/topics/cpzd4zk7qrjt?page=14,BBC Somali
https://www.bbc.com/somali/articles/c8e40gp8z64o,soomaali,14,https://www.bbc.com/somali/topics/cpzd4zk7qrjt?page=14,BBC Somali
https://www.bbc.com/somali/articles/c79qg4pqqv8o,soomaali,14,https://www.bbc.com/somali/topics/cpzd4zk7qrjt?page=14,BBC Somali
https://www.bbc.com/somali/articles/ce83lgjjv3do,soomaali,14,https://www.bbc.com/somali/topics/cpzd4zk7qrjt?page=14,BBC Somali
https://www.bbc.com/somali/articles/c3r4879q97no,soomaali,14,https://www.bbc.com/somali/topics/cpzd4zk7qrjt?page=14,BBC Somali
https://www.bbc.com/somali/articles/cly7wek3eweo,soomaali,14,https://www.bbc.com/somali/topics/cpzd4zk7qrjt?page=14,BBC Somali
https://www.bbc.com/somali/articles/cn02wl5p677o,soomaali,14,https://www.bbc.com/somali/topics/cpzd4zk7qrjt?page=14,BBC Somali
https://www.bbc.com/somali/articles/cwyx07dnqyyo,soomaali,14,https://www.bbc.com/somali/topics/cpzd4zk7qrjt?page=14,BBC Somali
https://www.bbc.com/somali/articles/c93k2vl8ldyo,soomaali,14,https://www.bbc.com/somali/topics/cpzd4zk7qrjt?page=14,BBC Somali
https://www.bbc.com/somali/articles/cqlev42ydnzo,soomaali,14,https://www.bbc.com/somali/topics/cpzd4zk7qrjt?page=14,BBC Somali
https://www.bbc.com/somali/articles/cdr3v405k0po,soomaali,14,https://www.bbc.com/somali/topics/cpzd4zk7qrjt?page=14,BBC Somali
https://www.bbc.com/somali/articles/ce35lzdv9gno,soomaali,14,https://www.bbc.com/somali/topics/cpzd4zk7qrjt?page=14,BBC Somali
https://www.bbc.com/somali/articles/c1dnzw9xgppo,soomaali,14,https://www.bbc.com/somali/topics/cpzd4zk7qrjt?page=14,BBC Somali
https://www.bbc.com/somali/articles/ce938p41rn0o,soomaali,14,https://www.bbc.com/somali/topics/cpzd4zk7qrjt?page=14,BBC Somali
https://www.bbc.com/somali/articles/c70x2xyqdevo,soomaali,14,https://www.bbc.com/somali/topics/cpzd4zk7qrjt?page=14,BBC Somali
https://www.bbc.com/somali/articles/crrqrnk4017o,soomaali,14,https://www.bbc.com/somali/topics/cpzd4zk7qrjt?page=14,BBC Somali
https://www.bbc.com/somali/articles/c39dl8em8ljo,soomaali,14,https://www.bbc.com/somali/topics/cpzd4zk7qrjt?page=14,BBC Somali
https://www.bbc.com/somali/articles/cwy0gl1nq2yo,soomaali,14,https://www.bbc.com/somali/topics/cpzd4zk7qrjt?page=14,BBC Somali
https://www.bbc.com/somali/articles/c5ykrjlrxpgo,soomaali,14,https://www.bbc.com/somali/topics/cpzd4zk7qrjt?page=14,BBC Somali
https://www.bbc.com/somali/articles/cy7nmpl0mrjo,soomaali,14,https://www.bbc.com/somali/topics/cpzd4zk7qrjt?page=14,BBC Somali
https://www.bbc.com/somali/articles/cgk3p53nremo,soomaali,14,https://www.bbc.com/somali/topics/cpzd4zk7qrjt?page=14,BBC Somali
https://www.bbc.com/somali/articles/cgr5r8ldg7do,soomaali,15,https://www.bbc.com/somali/topics/cpzd4zk7qrjt?page=15,BBC Somali
https://www.bbc.com/somali/articles/c5yk4p8r2e5o,soomaali,15,https://www.bbc.com/somali/topics/cpzd4zk7qrjt?page=15,BBC Somali
https://www.bbc.com/somali/articles/c1dnn5qr2wlo,soomaali,15,https://www.bbc.com/somali/topics/cpzd4zk7qrjt?page=15,BBC Somali
https://www.bbc.com/somali/articles/c8e6nnern52o,soomaali,15,https://www.bbc.com/somali/topics/cpzd4zk7qrjt?page=15,BBC Somali
https://www.bbc.com/somali/articles/clyln3envr4o,soomaali,15,https://www.bbc.com/somali/topics/cpzd4zk7qrjt?page=15,BBC Somali
https://www.bbc.com/somali/articles/c77vvg0er65o,soomaali,15,https://www.bbc.com/somali/topics/cpzd4zk7qrjt?page=15,BBC Somali
https://www.bbc.com/somali/articles/c5yll3275kko,soomaali,15,https://www.bbc.com/somali/topics/cpzd4zk7qrjt?page=15,BBC Somali
https://www.bbc.com/somali/articles/c62gdjl05e5o,soomaali,15,https://www.bbc.com/somali/topics/cpzd4zk7qrjt?page=15,BBC Somali
https://www.bbc.com/somali/articles/c1mzp5dv4dyo,soomaali,15,https://www.bbc.com/somali/topics/cpzd4zk7qrjt?page=15,BBC Somali
https://www.bbc.com/somali/articles/c1wpjq7vqq3o,soomaali,15,https://www.bbc.com/somali/topics/cpzd4zk7qrjt?page=15,BBC Somali
https://www.bbc.com/somali/articles/c20wgy2eveno,soomaali,15,https://www.bbc.com/somali/topics/cpzd4zk7qrjt?page=15,BBC Somali
https://www.bbc.com/somali/articles/c1kvkdejd2wo,soomaali,15,https://www.bbc.com/somali/topics/cpzd4zk7qrjt?page=15,BBC Somali
https://www.bbc.com/somali/articles/clynl2rr8xyo,soomaali,15,https://www.bbc.com/somali/topics/cpzd4zk7qrjt?page=15,BBC Somali
https://www.bbc.com/somali/articles/cd97725394lo,soomaali,15,https://www.bbc.com/somali/topics/cpzd4zk7qrjt?page=15,BBC Somali
https://www.bbc.com/somali/articles/c8xgzj22l78o,soomaali,15,https://www.bbc.com/somali/topics/cpzd4zk7qrjt?page=15,BBC Somali
https://www.bbc.com/somali/articles/cr5vrrn64q5o,soomaali,15,https://www.bbc.com/somali/topics/cpzd4zk7qrjt?page=15,BBC Somali
https://www.bbc.com/somali/articles/c0mr3mn7p4do,soomaali,15,https://www.bbc.com/somali/topics/cpzd4zk7qrjt?page=15,BBC Somali
https://www.bbc.com/somali/articles/cjd2rx7023yo,soomaali,15,https://www.bbc.com/somali/topics/cpzd4zk7qrjt?page=15,BBC Somali
https://www.bbc.com/somali/articles/cy8g5qn6l45o,soomaali,15,https://www.bbc.com/somali/topics/cpzd4zk7qrjt?page=15,BBC Somali
https://www.bbc.com/somali/articles/c17rjxk2jv2o,soomaali,15,https://www.bbc.com/somali/topics/cpzd4zk7qrjt?page=15,BBC Somali
https://www.bbc.com/somali/articles/cre9xlnlg04o,soomaali,16,https://www.bbc.com/somali/topics/cpzd4zk7qrjt?page=16,BBC Somali
https://www.bbc.com/somali/articles/cwy7w71dx8wo,soomaali,16,https://www.bbc.com/somali/topics/cpzd4zk7qrjt?page=16,BBC Somali
https://www.bbc.com/somali/articles/ckgnzx3rdqyo,soomaali,16,https://www.bbc.com/somali/topics/cpzd4zk7qrjt?page=16,BBC Somali
https://www.bbc.com/somali/articles/clygn8l8zgno,soomaali,16,https://www.bbc.com/somali/topics/cpzd4zk7qrjt?page=16,BBC Somali
https://www.bbc.com/somali/articles/cre9xgg5w7eo,soomaali,16,https://www.bbc.com/somali/topics/cpzd4zk7qrjt?page=16,BBC Somali
https://www.bbc.com/somali/articles/cm2yx88l51zo,soomaali,16,https://www.bbc.com/somali/topics/cpzd4zk7qrjt?page=16,BBC Somali
https://www.bbc.com/somali/articles/c2e348v0rm9o,soomaali,16,https://www.bbc.com/somali/topics/cpzd4zk7qrjt?page=16,BBC Somali
https://www.bbc.com/somali/articles/cn9jqnqr417o,soomaali,16,https://www.bbc.com/somali/topics/cpzd4zk7qrjt?page=16,BBC Somali
https://www.bbc.com/somali/articles/cn4q8150k2ko,soomaali,16,https://www.bbc.com/somali/topics/cpzd4zk7qrjt?page=16,BBC Somali
https://www.bbc.com/somali/articles/c771z4kpg8eo,soomaali,16,https://www.bbc.com/somali/topics/cpzd4zk7qrjt?page=16,BBC Somali
https://www.bbc.com/somali/articles/c5yeegv7x4vo,soomaali,16,https://www.bbc.com/somali/topics/cpzd4zk7qrjt?page=16,BBC Somali
https://www.bbc.com/somali/articles/c39xl919xneo,soomaali,16,https://www.bbc.com/somali/topics/cpzd4zk7qrjt?page=16,BBC Somali
https://www.bbc.com/somali/articles/c79ejv9r0lgo,soomaali,16,https://www.bbc.com/somali/topics/cpzd4zk7qrjt?page=16,BBC Somali
https://www.bbc.com/somali/articles/cp8d3q75q49o,soomaali,16,https://www.bbc.com/somali/topics/cpzd4zk7qrjt?page=16,BBC Somali
https://www.bbc.com/somali/articles/c3318m0zy17o,soomaali,16,https://www.bbc.com/somali/topics/cpzd4zk7qrjt?page=16,BBC Somali
https://www.bbc.com/somali/articles/clygvm8vx3do,soomaali,16,https://www.bbc.com/somali/topics/cpzd4zk7qrjt?page=16,BBC Somali
https://www.bbc.com/somali/articles/cjrnylgwwx3o,soomaali,16,https://www.bbc.com/somali/topics/cpzd4zk7qrjt?page=16,BBC Somali
https://www.bbc.com/somali/articles/clyvj94y25xo,soomaali,16,https://www.bbc.com/somali/topics/cpzd4zk7qrjt?page=16,BBC Somali
https://www.bbc.com/somali/articles/cp8dd1pvqgeo,soomaali,16,https://www.bbc.com/somali/topics/cpzd4zk7qrjt?page=16,BBC Somali
https://www.bbc.com/somali/articles/cx2jj1z9mddo,soomaali,16,https://www.bbc.com/somali/topics/cpzd4zk7qrjt?page=16,BBC Somali
https://www.bbc.com/somali/articles/c20zvkezz67o,soomaali,17,https://www.bbc.com/somali/topics/cpzd4zk7qrjt?page=17,BBC Somali
https://www.bbc.com/somali/articles/czjnj7pnzv7o,soomaali,17,https://www.bbc.com/somali/topics/cpzd4zk7qrjt?page=17,BBC Somali
https://www.bbc.com/somali/articles/c14x1mer004o,soomaali,17,https://www.bbc.com/somali/topics/cpzd4zk7qrjt?page=17,BBC Somali
https://www.bbc.com/somali/articles/cn91zn2rneqo,soomaali,17,https://www.bbc.com/somali/topics/cpzd4zk7qrjt?page=17,BBC Somali
https://www.bbc.com/somali/articles/cvgn0p504vno,soomaali,17,https://www.bbc.com/somali/topics/cpzd4zk7qrjt?page=17,BBC Somali
https://www.bbc.com/somali/articles/c78j44n016po,soomaali,17,https://www.bbc.com/somali/topics/cpzd4zk7qrjt?page=17,BBC Somali
https://www.bbc.com/somali/articles/crljrnlep63o,soomaali,17,https://www.bbc.com/somali/topics/cpzd4zk7qrjt?page=17,BBC Somali
https://www.bbc.com/somali/articles/c39jgzp4p90o,soomaali,17,https://www.bbc.com/somali/topics/cpzd4zk7qrjt?page=17,BBC Somali
https://www.bbc.com/somali/articles/c62glrm1292o,soomaali,17,https://www.bbc.com/somali/topics/cpzd4zk7qrjt?page=17,BBC Somali
https://www.bbc.com/somali/articles/c20x2ygllq6o,soomaali,17,https://www.bbc.com/somali/topics/cpzd4zk7qrjt?page=17,BBC Somali
https://www.bbc.com/somali/articles/c8071k7k232o,soomaali,17,https://www.bbc.com/somali/topics/cpzd4zk7qrjt?page=17,BBC Somali
https://www.bbc.com/somali/articles/c4g2yeg85rgo,soomaali,17,https://www.bbc.com/somali/topics/cpzd4zk7qrjt?page=17,BBC Somali
https://www.bbc.com/somali/articles/c1lm3mr3pn3o,soomaali,17,https://www.bbc.com/somali/topics/cpzd4zk7qrjt?page=17,BBC Somali
https://www.bbc.com/somali/articles/c9veln11291o,soomaali,17,https://www.bbc.com/somali/topics/cpzd4zk7qrjt?page=17,BBC Somali
https://www.bbc.com/somali/articles/c0r52q2752vo,soomaali,17,https://www.bbc.com/somali/topics/cpzd4zk7qrjt?page=17,BBC Somali
https://www.bbc.com/somali/articles/cx205r4x7eno,soomaali,17,https://www.bbc.com/somali/topics/cpzd4zk7qrjt?page=17,BBC Somali
https://www.bbc.com/somali/articles/c0r5xxwdekvo,soomaali,17,https://www.bbc.com/somali/topics/cpzd4zk7qrjt?page=17,BBC Somali
https://www.bbc.com/somali/articles/cg72d2kzk0eo,soomaali,18,https://www.bbc.com/somali/topics/cpzd4zk7qrjt?page=18,BBC Somali
https://www.bbc.com/somali/articles/c0l01g53jzro,soomaali,18,https://www.bbc.com/somali/topics/cpzd4zk7qrjt?page=18,BBC Somali
https://www.bbc.com/somali/articles/c078dnkgekro,soomaali,18,https://www.bbc.com/somali/topics/cpzd4zk7qrjt?page=18,BBC Somali
https://www.bbc.com/somali/articles/c93gqxq30n7o,soomaali,18,https://www.bbc.com/somali/topics/cpzd4zk7qrjt?page=18,BBC Somali
https://www.bbc.com/somali/articles/cly88pzk3m8o,soomaali,18,https://www.bbc.com/somali/topics/cpzd4zk7qrjt?page=18,BBC Somali
https://www.bbc.com/somali/articles/ckgymr1yrr4o,soomaali,18,https://www.bbc.com/somali/topics/cpzd4zk7qrjt?page=18,BBC Somali
https://www.bbc.com/somali/articles/cj9ewew11w7o,soomaali,18,https://www.bbc.com/somali/topics/cpzd4zk7qrjt?page=18,BBC Somali
https://www.bbc.com/somali/articles/cq80z40yvwdo,soomaali,18,https://www.bbc.com/somali/topics/cpzd4zk7qrjt?page=18,BBC Somali
https://www.bbc.com/somali/articles/cy0yq1dlq41o,soomaali,18,https://www.bbc.com/somali/topics/cpzd4zk7qrjt?page=18,BBC Somali
https://www.bbc.com/somali/articles/cq6774vn58eo,soomaali,18,https://www.bbc.com/somali/topics/cpzd4zk7qrjt?page=18,BBC Somali
https://www.bbc.com/somali/articles/cgq9xpn3zg1o,soomaali,18,https://www.bbc.com/somali/topics/cpzd4zk7qrjt?page=18,BBC Somali
https://www.bbc.com/somali/articles/cn8r8d512x2o,soomaali,18,https://www.bbc.com/somali/topics/cpzd4zk7qrjt?page=18,BBC Somali
https://www.bbc.com/somali/articles/cq80551q1lwo,soomaali,18,https://www.bbc.com/somali/topics/cpzd4zk7qrjt?page=18,BBC Somali
https://www.bbc.com/somali/articles/cp319pgrdw1o,soomaali,18,https://www.bbc.com/somali/topics/cpzd4zk7qrjt?page=18,BBC Somali
https://www.bbc.com/somali/articles/c51n180pdv0o,soomaali,18,https://www.bbc.com/somali/topics/cpzd4zk7qrjt?page=18,BBC Somali
https://www.bbc.com/somali/articles/c1jxd8294kno,soomaali,18,https://www.bbc.com/somali/topics/cpzd4zk7qrjt?page=18,BBC Somali
https://www.bbc.com/somali/articles/cj45n115j87o,soomaali,18,https://www.bbc.com/somali/topics/cpzd4zk7qrjt?page=18,BBC Somali
https://www.bbc.com/somali/articles/cn7xxde26dpo,soomaali,18,https://www.bbc.com/somali/topics/cpzd4zk7qrjt?page=18,BBC Somali
https://www.bbc.com/somali/articles/c98gy64j9npo,soomaali,18,https://www.bbc.com/somali/topics/cpzd4zk7qrjt?page=18,BBC Somali
https://www.bbc.com/somali/articles/c77nr2lyxj6o,soomaali,18,https://www.bbc.com/somali/topics/cpzd4zk7qrjt?page=18,BBC Somali
https://www.bbc.com/somali/articles/cyve0gr250go,soomaali,18,https://www.bbc.com/somali/topics/cpzd4zk7qrjt?page=18,BBC Somali
https://www.bbc.com/somali/articles/clydx7nqxl1o,soomaali,19,https://www.bbc.com/somali/topics/cpzd4zk7qrjt?page=19,BBC Somali
https://www.bbc.com/somali/articles/c871rrlx50ro,soomaali,19,https://www.bbc.com/somali/topics/cpzd4zk7qrjt?page=19,BBC Somali
https://www.bbc.com/somali/articles/c93k60gykr4o,soomaali,19,https://www.bbc.com/somali/topics/cpzd4zk7qrjt?page=19,BBC Somali
https://www.bbc.com/somali/articles/crkn1ye0g34o,soomaali,19,https://www.bbc.com/somali/topics/cpzd4zk7qrjt?page=19,BBC Somali
https://www.bbc.com/somali/articles/cgl0pgzn79wo,soomaali,19,https://www.bbc.com/somali/topics/cpzd4zk7qrjt?page=19,BBC Somali
https://www.bbc.com/somali/articles/c7vzy53m0jlo,soomaali,19,https://www.bbc.com/somali/topics/cpzd4zk7qrjt?page=19,BBC Somali
https://www.bbc.com/somali/articles/ce8yzjjpdn6o,soomaali,19,https://www.bbc.com/somali/topics/cpzd4zk7qrjt?page=19,BBC Somali
https://www.bbc.com/somali/articles/ceqjp4l88weo,soomaali,19,https://www.bbc.com/somali/topics/cpzd4zk7qrjt?page=19,BBC Somali
https://www.bbc.com/somali/articles/c1mnp80e33jo,soomaali,19,https://www.bbc.com/somali/topics/cpzd4zk7qrjt?page=19,BBC Somali
https://www.bbc.com/somali/articles/c514j0nkznmo,soomaali,19,https://www.bbc.com/somali/topics/cpzd4zk7qrjt?page=19,BBC Somali
https://www.bbc.com/somali/articles/cx2gy53ey7ko,soomaali,19,https://www.bbc.com/somali/topics/cpzd4zk7qrjt?page=19,BBC Somali
https://www.bbc.com/somali/articles/cx2r9d9ylzmo,soomaali,19,https://www.bbc.com/somali/topics/cpzd4zk7qrjt?page=19,BBC Somali
https://www.bbc.com/somali/articles/cx2gqj02znlo,soomaali,19,https://www.bbc.com/somali/topics/cpzd4zk7qrjt?page=19,BBC Somali
https://www.bbc.com/somali/articles/cj92132gj7no,soomaali,19,https://www.bbc.com/somali/topics/cpzd4zk7qrjt?page=19,BBC Somali
https://www.bbc.com/somali/articles/cn8revz1v35o,soomaali,19,https://www.bbc.com/somali/topics/cpzd4zk7qrjt?page=19,BBC Somali
https://www.bbc.com/somali/articles/c2d4572gnd8o,soomaali,19,https://www.bbc.com/somali/topics/cpzd4zk7qrjt?page=19,BBC Somali
https://www.bbc.com/somali/articles/ce8mml1xnxlo,soomaali,19,https://www.bbc.com/somali/topics/cpzd4zk7qrjt?page=19,BBC Somali
https://www.bbc.com/somali/articles/cx2gr1lple6o,soomaali,19,https://www.bbc.com/somali/topics/cpzd4zk7qrjt?page=19,BBC Somali
https://www.bbc.com/somali/articles/cp8lkdn7xygo,soomaali,19,https://www.bbc.com/somali/topics/cpzd4zk7qrjt?page=19,BBC Somali
https://www.bbc.com/somali/articles/cedlzw3l02xo,soomaali,19,https://www.bbc.com/somali/topics/cpzd4zk7qrjt?page=19,BBC Somali
https://www.bbc.com/somali/articles/c757rwd6xq2o,soomaali,19,https://www.bbc.com/somali/topics/cpzd4zk7qrjt?page=19,BBC Somali
https://www.bbc.com/somali/articles/crewx79534po,soomaali,19,https://www.bbc.com/somali/topics/cpzd4zk7qrjt?page=19,BBC Somali
https://www.bbc.com/somali/articles/c4g9y19j7d4o,soomaali,20,https://www.bbc.com/somali/topics/cpzd4zk7qrjt?page=20,BBC Somali
https://www.bbc.com/somali/articles/c62e72d3pjjo,soomaali,20,https://www.bbc.com/somali/topics/cpzd4zk7qrjt?page=20,BBC Somali
https://www.bbc.com/somali/articles/cn4zdqj4q30o,soomaali,20,https://www.bbc.com/somali/topics/cpzd4zk7qrjt?page=20,BBC Somali
https://www.bbc.com/somali/articles/cj4nx0kz4kpo,soomaali,20,https://www.bbc.com/somali/topics/cpzd4zk7qrjt?page=20,BBC Somali
https://www.bbc.com/somali/articles/c8x4p0x9q44o,soomaali,20,https://www.bbc.com/somali/topics/cpzd4zk7qrjt?page=20,BBC Somali
https://www.bbc.com/somali/articles/cvgel9l467mo,soomaali,20,https://www.bbc.com/somali/topics/cpzd4zk7qrjt?page=20,BBC Somali
https://www.bbc.com/somali/articles/cly9yx2d841o,soomaali,20,https://www.bbc.com/somali/topics/cpzd4zk7qrjt?page=20,BBC Somali
https://www.bbc.com/somali/articles/cnvq06p889do,soomaali,20,https://www.bbc.com/somali/topics/cpzd4zk7qrjt?page=20,BBC Somali
https://www.bbc.com/somali/articles/cz6pz02dv2xo,soomaali,20,https://www.bbc.com/somali/topics/cpzd4zk7qrjt?page=20,BBC Somali
https://www.bbc.com/somali/articles/cre8ggelpj2o,soomaali,20,https://www.bbc.com/somali/topics/cpzd4zk7qrjt?page=20,BBC Somali
https://www.bbc.com/somali/articles/c5y69qvenzdo,soomaali,20,https://www.bbc.com/somali/topics/cpzd4zk7qrjt?page=20,BBC Somali
https://www.bbc.com/somali/articles/c93kpgr7zgko,soomaali,20,https://www.bbc.com/somali/topics/cpzd4zk7qrjt?page=20,BBC Somali
https://www.bbc.com/somali/articles/czx76gwy2wgo,soomaali,20,https://www.bbc.com/somali/topics/cpzd4zk7qrjt?page=20,BBC Somali
https://www.bbc.com/somali/articles/c3vp6dd49rro,soomaali,20,https://www.bbc.com/somali/topics/cpzd4zk7qrjt?page=20,BBC Somali
https://www.bbc.com/somali/articles/c93qvxep1l9o,soomaali,20,https://www.bbc.com/somali/topics/cpzd4zk7qrjt?page=20,BBC Somali
https://www.bbc.com/somali/articles/cvgez7rp0eyo,soomaali,20,https://www.bbc.com/somali/topics/cpzd4zk7qrjt?page=20,BBC Somali
https://www.bbc.com/somali/articles/cy4m9v17d41o,soomaali,20,https://www.bbc.com/somali/topics/cpzd4zk7qrjt?page=20,BBC Somali
https://www.bbc.com/somali/articles/cgmyld72jpko,soomaali,20,https://www.bbc.com/somali/topics/cpzd4zk7qrjt?page=20,BBC Somali
https://www.bbc.com/somali/articles/cy48wnlp82wo,soomaali,20,https://www.bbc.com/somali/topics/cpzd4zk7qrjt?page=20,BBC Somali
https://www.bbc.com/somali/articles/cn93wx5xlv7o,soomaali,20,https://www.bbc.com/somali/topics/cpzd4zk7qrjt?page=20,BBC Somali
https://www.bbc.com/somali/articles/cjde973e5mno,soomaali,20,https://www.bbc.com/somali/topics/cpzd4zk7qrjt?page=20,BBC Somali
https://www.bbc.com/somali/articles/cg45wd776w4o,soomaali,20,https://www.bbc.com/somali/topics/cpzd4zk7qrjt?page=20,BBC Somali
https://www.bbc.com/somali/articles/cgmypdgngpko,soomaali,20,https://www.bbc.com/somali/topics/cpzd4zk7qrjt?page=20,BBC Somali
https://www.bbc.com/somali/articles/c8d979r742lo,soomaali,21,https://www.bbc.com/somali/topics/cpzd4zk7qrjt?page=21,BBC Somali
https://www.bbc.com/somali/articles/c0k5evpm0keo,soomaali,21,https://www.bbc.com/somali/topics/cpzd4zk7qrjt?page=21,BBC Somali
https://www.bbc.com/somali/articles/cn8yx35pxjjo,soomaali,21,https://www.bbc.com/somali/topics/cpzd4zk7qrjt?page=21,BBC Somali
https://www.bbc.com/somali/articles/cx2kg889v5jo,soomaali,21,https://www.bbc.com/somali/topics/cpzd4zk7qrjt?page=21,BBC Somali
https://www.bbc.com/somali/articles/cr46r6g60zlo,soomaali,21,https://www.bbc.com/somali/topics/cpzd4zk7qrjt?page=21,BBC Somali
https://www.bbc.com/somali/articles/ce85ewn9rneo,soomaali,21,https://www.bbc.com/somali/topics/cpzd4zk7qrjt?page=21,BBC Somali
https://www.bbc.com/somali/articles/c70k867rrkgo,soomaali,21,https://www.bbc.com/somali/topics/cpzd4zk7qrjt?page=21,BBC Somali
https://www.bbc.com/somali/articles/c74elxkzq94o,soomaali,21,https://www.bbc.com/somali/topics/cpzd4zk7qrjt?page=21,BBC Somali
https://www.bbc.com/somali/articles/cr46rv9vw6do,soomaali,21,https://www.bbc.com/somali/topics/cpzd4zk7qrjt?page=21,BBC Somali
https://www.bbc.com/somali/articles/ckgyddy1l8do,soomaali,21,https://www.bbc.com/somali/topics/cpzd4zk7qrjt?page=21,BBC Somali
https://www.bbc.com/somali/articles/c5yd2re7r28o,soomaali,21,https://www.bbc.com/somali/topics/cpzd4zk7qrjt?page=21,BBC Somali
https://www.bbc.com/somali/articles/c1kmzpg73xeo,soomaali,21,https://www.bbc.com/somali/topics/cpzd4zk7qrjt?page=21,BBC Somali
https://www.bbc.com/somali/articles/c07kgy2rnk3o,soomaali,21,https://www.bbc.com/somali/topics/cpzd4zk7qrjt?page=21,BBC Somali
https://www.bbc.com/somali/articles/c0m1knjdrpzo,soomaali,21,https://www.bbc.com/somali/topics/cpzd4zk7qrjt?page=21,BBC Somali
https://www.bbc.com/somali/articles/cew5yr2pn92o,soomaali,21,https://www.bbc.com/somali/topics/cpzd4zk7qrjt?page=21,BBC Somali
https://www.bbc.com/somali/articles/c9qjxyevw8do,soomaali,21,https://www.bbc.com/somali/topics/cpzd4zk7qrjt?page=21,BBC Somali
https://www.bbc.com/somali/articles/cvg8n1k04zqo,soomaali,21,https://www.bbc.com/somali/topics/cpzd4zk7qrjt?page=21,BBC Somali
https://www.bbc.com/somali/articles/cg45ldqldy7o,soomaali,21,https://www.bbc.com/somali/topics/cpzd4zk7qrjt?page=21,BBC Somali
https://www.bbc.com/somali/articles/c2d373xr254o,soomaali,21,https://www.bbc.com/somali/topics/cpzd4zk7qrjt?page=21,BBC Somali
https://www.bbc.com/somali/articles/cvg93v5lgz3o,soomaali,21,https://www.bbc.com/somali/topics/cpzd4zk7qrjt?page=21,BBC Somali
https://www.bbc.com/somali/articles/cr533ev08yeo,soomaali,21,https://www.bbc.com/somali/topics/cpzd4zk7qrjt?page=21,BBC Somali
https://www.bbc.com/somali/articles/cvgen7xp38mo,soomaali,21,https://www.bbc.com/somali/topics/cpzd4zk7qrjt?page=21,BBC Somali
https://www.bbc.com/somali/articles/czrl8vy64xxo,soomaali,21,https://www.bbc.com/somali/topics/cpzd4zk7qrjt?page=21,BBC Somali
https://www.bbc.com/somali/articles/c0k5xm0mmz8o,soomaali,21,https://www.bbc.com/somali/topics/cpzd4zk7qrjt?page=21,BBC Somali
https://www.bbc.com/somali/articles/cr46xy04lzdo,soomaali,22,https://www.bbc.com/somali/topics/cpzd4zk7qrjt?page=22,BBC Somali
https://www.bbc.com/somali/articles/cvgrl8xlglpo,soomaali,22,https://www.bbc.com/somali/topics/cpzd4zk7qrjt?page=22,BBC Somali
https://www.bbc.com/somali/articles/c5y4nle4zq0o,soomaali,22,https://www.bbc.com/somali/topics/cpzd4zk7qrjt?page=22,BBC Somali
https://www.bbc.com/somali/articles/c9w5rlqqng8o,soomaali,22,https://www.bbc.com/somali/topics/cpzd4zk7qrjt?page=22,BBC Somali
https://www.bbc.com/somali/articles/cd9xwdlk490o,soomaali,22,https://www.bbc.com/somali/topics/cpzd4zk7qrjt?page=22,BBC Somali
https://www.bbc.com/somali/articles/c05pq0gjnmjo,soomaali,22,https://www.bbc.com/somali/topics/cpzd4zk7qrjt?page=22,BBC Somali
https://www.bbc.com/somali/articles/c20ey74242qo,soomaali,22,https://www.bbc.com/somali/topics/cpzd4zk7qrjt?page=22,BBC Somali
https://www.bbc.com/somali/articles/c5y63nz7ll9o,soomaali,22,https://www.bbc.com/somali/topics/cpzd4zk7qrjt?page=22,BBC Somali
https://www.bbc.com/somali/articles/cly2qr5lkreo,soomaali,22,https://www.bbc.com/somali/topics/cpzd4zk7qrjt?page=22,BBC Somali
https://www.bbc.com/somali/articles/cgq15plzv09o,soomaali,22,https://www.bbc.com/somali/topics/cpzd4zk7qrjt?page=22,BBC Somali
https://www.bbc.com/somali/articles/cgmygxm1ee4o,soomaali,22,https://www.bbc.com/somali/topics/cpzd4zk7qrjt?page=22,BBC Somali
https://www.bbc.com/somali/articles/cjdn8e1zmnno,soomaali,22,https://www.bbc.com/somali/topics/cpzd4zk7qrjt?page=22,BBC Somali
https://www.bbc.com/somali/articles/ce8x8vmd4jno,soomaali,22,https://www.bbc.com/somali/topics/cpzd4zk7qrjt?page=22,BBC Somali
https://www.bbc.com/somali/articles/c9wl4ed2p79o,soomaali,22,https://www.bbc.com/somali/topics/cpzd4zk7qrjt?page=22,BBC Somali
https://www.bbc.com/somali/articles/cr560mzgn2lo,soomaali,22,https://www.bbc.com/somali/topics/cpzd4zk7qrjt?page=22,BBC Somali
https://www.bbc.com/somali/articles/cewxv08vp24o,soomaali,22,https://www.bbc.com/somali/topics/cpzd4zk7qrjt?page=22,BBC Somali
https://www.bbc.com/somali/articles/cy479e9gm8vo,soomaali,22,https://www.bbc.com/somali/topics/cpzd4zk7qrjt?page=22,BBC Somali
https://www.bbc.com/somali/articles/c99x5rr392yo,soomaali,22,https://www.bbc.com/somali/topics/cpzd4zk7qrjt?page=22,BBC Somali
https://www.bbc.com/somali/articles/c9dpwpjn08eo,soomaali,22,https://www.bbc.com/somali/topics/cpzd4zk7qrjt?page=22,BBC Somali
https://www.bbc.com/somali/articles/cq6gr537l1lo,soomaali,22,https://www.bbc.com/somali/topics/cpzd4zk7qrjt?page=22,BBC Somali
https://www.bbc.com/somali/articles/ckg3g2x4qx4o,soomaali,22,https://www.bbc.com/somali/topics/cpzd4zk7qrjt?page=22,BBC Somali
https://www.bbc.com/somali/articles/c20e446dq59o,soomaali,22,https://www.bbc.com/somali/topics/cpzd4zk7qrjt?page=22,BBC Somali
https://www.bbc.com/somali/articles/cm2erkz37e6o,soomaali,22,https://www.bbc.com/somali/topics/cpzd4zk7qrjt?page=22,BBC Somali
https://www.bbc.com/somali/articles/c51gvgee50po,soomaali,23,https://www.bbc.com/somali/topics/cpzd4zk7qrjt?page=23,BBC Somali
https://www.bbc.com/somali/articles/cvgxkl04pjeo,soomaali,23,https://www.bbc.com/somali/topics/cpzd4zk7qrjt?page=23,BBC Somali
https://www.bbc.com/somali/articles/c4g301rmjddo,soomaali,23,https://www.bbc.com/somali/topics/cpzd4zk7qrjt?page=23,BBC Somali
https://www.bbc.com/somali/articles/c2kx9kkxgz1o,soomaali,23,https://www.bbc.com/somali/topics/cpzd4zk7qrjt?page=23,BBC Somali
https://www.bbc.com/somali/articles/c20wpq8yqz5o,soomaali,23,https://www.bbc.com/somali/topics/cpzd4zk7qrjt?page=23,BBC Somali
https://www.bbc.com/somali/articles/c80v1242nrno,soomaali,23,https://www.bbc.com/somali/topics/cpzd4zk7qrjt?page=23,BBC Somali
https://www.bbc.com/somali/articles/cp830d59zjeo,soomaali,23,https://www.bbc.com/somali/topics/cpzd4zk7qrjt?page=23,BBC Somali
https://www.bbc.com/somali/articles/c623gn5pg4lo,soomaali,23,https://www.bbc.com/somali/topics/cpzd4zk7qrjt?page=23,BBC Somali
https://www.bbc.com/somali/articles/c1lnj5l0pzno,soomaali,23,https://www.bbc.com/somali/topics/cpzd4zk7qrjt?page=23,BBC Somali
https://www.bbc.com/somali/articles/c62wn0x91k7o,soomaali,23,https://www.bbc.com/somali/topics/cpzd4zk7qrjt?page=23,BBC Somali
https://www.bbc.com/somali/articles/c62zk4517deo,soomaali,23,https://www.bbc.com/somali/topics/cpzd4zk7qrjt?page=23,BBC Somali
https://www.bbc.com/somali/articles/cgj6y9p61y4o,soomaali,23,https://www.bbc.com/somali/topics/cpzd4zk7qrjt?page=23,BBC Somali
https://www.bbc.com/somali/articles/c0rn9vwwy1po,soomaali,23,https://www.bbc.com/somali/topics/cpzd4zk7qrjt?page=23,BBC Somali
https://www.bbc.com/somali/articles/cp9nk1p3rgxo,soomaali,23,https://www.bbc.com/somali/topics/cpzd4zk7qrjt?page=23,BBC Somali
https://www.bbc.com/somali/articles/cd9xzx1421eo,soomaali,23,https://www.bbc.com/somali/topics/cpzd4zk7qrjt?page=23,BBC Somali
https://www.bbc.com/somali/articles/cgrwdxj808wo,soomaali,23,https://www.bbc.com/somali/topics/cpzd4zk7qrjt?page=23,BBC Somali
https://www.bbc.com/somali/articles/cp3zyrer616o,soomaali,23,https://www.bbc.com/somali/topics/cpzd4zk7qrjt?page=23,BBC Somali
https://www.bbc.com/somali/articles/cx26ygwlkg3o,soomaali,23,https://www.bbc.com/somali/topics/cpzd4zk7qrjt?page=23,BBC Somali
https://www.bbc.com/somali/articles/cvgxdm2z27ro,soomaali,23,https://www.bbc.com/somali/topics/cpzd4zk7qrjt?page=23,BBC Somali
https://www.bbc.com/somali/articles/c4gx3z629n6o,soomaali,23,https://www.bbc.com/somali/topics/cpzd4zk7qrjt?page=23,BBC Somali
https://www.bbc.com/somali/articles/c23vrpd18jko,soomaali,23,https://www.bbc.com/somali/topics/cpzd4zk7qrjt?page=23,BBC Somali
https://www.bbc.com/somali/articles/cx2vyekrz3eo,soomaali,24,https://www.bbc.com/somali/topics/cpzd4zk7qrjt?page=24,BBC Somali
https://www.bbc.com/somali/articles/c8rl2ljy580o,soomaali,24,https://www.bbc.com/somali/topics/cpzd4zk7qrjt?page=24,BBC Somali
https://www.bbc.com/somali/articles/c79z03w5edro,soomaali,24,https://www.bbc.com/somali/topics/cpzd4zk7qrjt?page=24,BBC Somali
https://www.bbc.com/somali/articles/czj7223lnrno,soomaali,24,https://www.bbc.com/somali/topics/cpzd4zk7qrjt?page=24,BBC Somali
https://www.bbc.com/somali/articles/cwyd44ne58eo,soomaali,24,https://www.bbc.com/somali/topics/cpzd4zk7qrjt?page=24,BBC Somali
https://www.bbc.com/somali/articles/c8rjl2x1kpko,soomaali,24,https://www.bbc.com/somali/topics/cpzd4zk7qrjt?page=24,BBC Somali
https://www.bbc.com/somali/articles/c4g2wr70kqwo,soomaali,24,https://www.bbc.com/somali/topics/cpzd4zk7qrjt?page=24,BBC Somali
https://www.bbc.com/somali/articles/c89xlwk9vjzo,soomaali,24,https://www.bbc.com/somali/topics/cpzd4zk7qrjt?page=24,BBC Somali
https://www.bbc.com/somali/articles/c2e7e3z4pzjo,soomaali,24,https://www.bbc.com/somali/topics/cpzd4zk7qrjt?page=24,BBC Somali
https://www.bbc.com/somali/articles/cvged37wn8xo,soomaali,24,https://www.bbc.com/somali/topics/cpzd4zk7qrjt?page=24,BBC Somali
https://www.bbc.com/somali/articles/c704702dg1yo,soomaali,24,https://www.bbc.com/somali/topics/cpzd4zk7qrjt?page=24,BBC Somali
https://www.bbc.com/somali/articles/c4g75jrrk81o,soomaali,24,https://www.bbc.com/somali/topics/cpzd4zk7qrjt?page=24,BBC Somali
https://www.bbc.com/somali/articles/c1ln5l8dnzqo,soomaali,24,https://www.bbc.com/somali/topics/cpzd4zk7qrjt?page=24,BBC Somali
https://www.bbc.com/somali/articles/clyx2z5p20po,soomaali,24,https://www.bbc.com/somali/topics/cpzd4zk7qrjt?page=24,BBC Somali
https://www.bbc.com/somali/articles/cwyg7dxdnn0o,soomaali,24,https://www.bbc.com/somali/topics/cpzd4zk7qrjt?page=24,BBC Somali
https://www.bbc.com/somali/articles/c9q7lqleq8do,soomaali,24,https://www.bbc.com/somali/topics/cpzd4zk7qrjt?page=24,BBC Somali
https://www.bbc.com/somali/articles/ceqxe4l8dvpo,soomaali,24,https://www.bbc.com/somali/topics/cpzd4zk7qrjt?page=24,BBC Somali
https://www.bbc.com/somali/articles/clyvlj4gggdo,soomaali,24,https://www.bbc.com/somali/topics/cpzd4zk7qrjt?page=24,BBC Somali
https://www.bbc.com/somali/articles/c79zxqwpn0wo,soomaali,25,https://www.bbc.com/somali/topics/cpzd4zk7qrjt?page=25,BBC Somali
https://www.bbc.com/somali/articles/cze3w2jzee9o,soomaali,25,https://www.bbc.com/somali/topics/cpzd4zk7qrjt?page=25,BBC Somali
https://www.bbc.com/somali/articles/c1e76lewje1o,soomaali,25,https://www.bbc.com/somali/topics/cpzd4zk7qrjt?page=25,BBC Somali
https://www.bbc.com/somali/articles/cr4l6173n3eo,soomaali,25,https://www.bbc.com/somali/topics/cpzd4zk7qrjt?page=25,BBC Somali
https://www.bbc.com/somali/articles/cx2yj9j2lrno,soomaali,25,https://www.bbc.com/somali/topics/cpzd4zk7qrjt?page=25,BBC Somali
https://www.bbc.com/somali/articles/c93760d3xrzo,soomaali,25,https://www.bbc.com/somali/topics/cpzd4zk7qrjt?page=25,BBC Somali
https://www.bbc.com/somali/articles/ced9y0jq1jqo,soomaali,25,https://www.bbc.com/somali/topics/cpzd4zk7qrjt?page=25,BBC Somali
https://www.bbc.com/somali/articles/cvg7kpkdxgko,soomaali,25,https://www.bbc.com/somali/topics/cpzd4zk7qrjt?page=25,BBC Somali
https://www.bbc.com/somali/articles/ckgr8lrz8xjo,soomaali,25,https://www.bbc.com/somali/topics/cpzd4zk7qrjt?page=25,BBC Somali
https://www.bbc.com/somali/articles/cd6vl7dxl4lo,soomaali,25,https://www.bbc.com/somali/topics/cpzd4zk7qrjt?page=25,BBC Somali
https://www.bbc.com/somali/articles/crr9q7lgjq7o,soomaali,25,https://www.bbc.com/somali/topics/cpzd4zk7qrjt?page=25,BBC Somali
https://www.bbc.com/somali/articles/cn0dxegqedxo,soomaali,25,https://www.bbc.com/somali/topics/cpzd4zk7qrjt?page=25,BBC Somali
https://www.bbc.com/somali/articles/cgmvnnxd744o,soomaali,25,https://www.bbc.com/somali/topics/cpzd4zk7qrjt?page=25,BBC Somali
https://www.bbc.com/somali/articles/c8jy3rzvk70o,soomaali,25,https://www.bbc.com/somali/topics/cpzd4zk7qrjt?page=25,BBC Somali
https://www.bbc.com/somali/articles/c1wj2pxn50lo,soomaali,25,https://www.bbc.com/somali/topics/cpzd4zk7qrjt?page=25,BBC Somali
https://www.bbc.com/somali/articles/c39n3rxe3g9o,soomaali,25,https://www.bbc.com/somali/topics/cpzd4zk7qrjt?page=25,BBC Somali
https://www.bbc.com/somali/articles/cde791056keo,soomaali,25,https://www.bbc.com/somali/topics/cpzd4zk7qrjt?page=25,BBC Somali
https://www.bbc.com/somali/articles/c4g72lp3zrro,soomaali,25,https://www.bbc.com/somali/topics/cpzd4zk7qrjt?page=25,BBC Somali
https://www.bbc.com/somali/articles/c9dlqy2w809o,soomaali,25,https://www.bbc.com/somali/topics/cpzd4zk7qrjt?page=25,BBC Somali
https://www.bbc.com/somali/articles/czxr89zd1ydo,soomaali,25,https://www.bbc.com/somali/topics/cpzd4zk7qrjt?page=25,BBC Somali
https://www.bbc.com/somali/articles/cj9n79rpnxjo,soomaali,25,https://www.bbc.com/somali/topics/cpzd4zk7qrjt?page=25,BBC Somali
https://www.bbc.com/somali/articles/ce3w5e2wk0go,soomaali,26,https://www.bbc.com/somali/topics/cpzd4zk7qrjt?page=26,BBC Somali
https://www.bbc.com/somali/articles/c7043gp2kzgo,soomaali,26,https://www.bbc.com/somali/topics/cpzd4zk7qrjt?page=26,BBC Somali
https://www.bbc.com/somali/articles/c3vk0enzzn4o,soomaali,26,https://www.bbc.com/somali/topics/cpzd4zk7qrjt?page=26,BBC Somali
https://www.bbc.com/somali/articles/cz9pd32qvjeo,soomaali,26,https://www.bbc.com/somali/topics/cpzd4zk7qrjt?page=26,BBC Somali
https://www.bbc.com/somali/articles/ce8v55md3vgo,soomaali,26,https://www.bbc.com/somali/topics/cpzd4zk7qrjt?page=26,BBC Somali
https://www.bbc.com/somali/articles/cj046zqgg64o,soomaali,26,https://www.bbc.com/somali/topics/cpzd4zk7qrjt?page=26,BBC Somali
https://www.bbc.com/somali/articles/cx25zdz5vyeo,soomaali,26,https://www.bbc.com/somali/topics/cpzd4zk7qrjt?page=26,BBC Somali
https://www.bbc.com/somali/articles/cwyle5zzgxpo,soomaali,26,https://www.bbc.com/somali/topics/cpzd4zk7qrjt?page=26,BBC Somali
https://www.bbc.com/somali/articles/c8jyy7xy4zmo,soomaali,26,https://www.bbc.com/somali/topics/cpzd4zk7qrjt?page=26,BBC Somali
https://www.bbc.com/somali/articles/c87x0lx0w1ro,soomaali,26,https://www.bbc.com/somali/topics/cpzd4zk7qrjt?page=26,BBC Somali
https://www.bbc.com/somali/articles/cevyvn1j0zvo,soomaali,26,https://www.bbc.com/somali/topics/cpzd4zk7qrjt?page=26,BBC Somali
https://www.bbc.com/somali/articles/cz6jpg6yeeyo,soomaali,26,https://www.bbc.com/somali/topics/cpzd4zk7qrjt?page=26,BBC Somali
https://www.bbc.com/somali/articles/cj0jjngdjzyo,soomaali,26,https://www.bbc.com/somali/topics/cpzd4zk7qrjt?page=26,BBC Somali
https://www.bbc.com/somali/articles/c93pe2zz1z1o,soomaali,26,https://www.bbc.com/somali/topics/cpzd4zk7qrjt?page=26,BBC Somali
https://www.bbc.com/somali/articles/c781gl7m7e1o,soomaali,26,https://www.bbc.com/somali/topics/cpzd4zk7qrjt?page=26,BBC Somali
https://www.bbc.com/somali/articles/cz0m4lnr0e9o,soomaali,26,https://www.bbc.com/somali/topics/cpzd4zk7qrjt?page=26,BBC Somali
https://www.bbc.com/somali/articles/c2kdev7pd25o,soomaali,26,https://www.bbc.com/somali/topics/cpzd4zk7qrjt?page=26,BBC Somali
https://www.bbc.com/somali/articles/ce8dyy21vjxo,soomaali,26,https://www.bbc.com/somali/topics/cpzd4zk7qrjt?page=26,BBC Somali
https://www.bbc.com/somali/articles/c0qzy7e81v0o,soomaali,26,https://www.bbc.com/somali/topics/cpzd4zk7qrjt?page=26,BBC Somali
https://www.bbc.com/somali/articles/cqxrll3pnlpo,soomaali,26,https://www.bbc.com/somali/topics/cpzd4zk7qrjt?page=26,BBC Somali
https://www.bbc.com/somali/articles/cvg4x1lx3kzo,soomaali,26,https://www.bbc.com/somali/topics/cpzd4zk7qrjt?page=26,BBC Somali
https://www.bbc.com/somali/articles/cx2lvqyex3xo,soomaali,26,https://www.bbc.com/somali/topics/cpzd4zk7qrjt?page=26,BBC Somali
https://www.bbc.com/somali/articles/cg4qpzxxeexo,soomaali,26,https://www.bbc.com/somali/topics/cpzd4zk7qrjt?page=26,BBC Somali
https://www.bbc.com/somali/articles/c3rl934j0xzo,soomaali,27,https://www.bbc.com/somali/topics/cpzd4zk7qrjt?page=27,BBC Somali
https://www.bbc.com/somali/articles/c4g9r65dd5eo,soomaali,27,https://www.bbc.com/somali/topics/cpzd4zk7qrjt?page=27,BBC Somali
https://www.bbc.com/somali/articles/cp8m4pz5nj5o,soomaali,27,https://www.bbc.com/somali/topics/cpzd4zk7qrjt?page=27,BBC Somali
https://www.bbc.com/somali/articles/c870pjlnd7eo,soomaali,27,https://www.bbc.com/somali/topics/cpzd4zk7qrjt?page=27,BBC Somali
https://www.bbc.com/somali/articles/clyvk918rddo,soomaali,27,https://www.bbc.com/somali/topics/cpzd4zk7qrjt?page=27,BBC Somali
https://www.bbc.com/somali/articles/cq5eywz3yy0o,soomaali,27,https://www.bbc.com/somali/topics/cpzd4zk7qrjt?page=27,BBC Somali
https://www.bbc.com/somali/articles/c749kpll9pdo,soomaali,27,https://www.bbc.com/somali/topics/cpzd4zk7qrjt?page=27,BBC Somali
https://www.bbc.com/somali/articles/c80rg71v8v3o,soomaali,27,https://www.bbc.com/somali/topics/cpzd4zk7qrjt?page=27,BBC Somali
https://www.bbc.com/somali/articles/c0e1zl82500o,soomaali,27,https://www.bbc.com/somali/topics/cpzd4zk7qrjt?page=27,BBC Somali
https://www.bbc.com/somali/articles/c4glx3998r0o,soomaali,27,https://www.bbc.com/somali/topics/cpzd4zk7qrjt?page=27,BBC Somali
https://www.bbc.com/somali/articles/c07njmzkjj7o,soomaali,27,https://www.bbc.com/somali/topics/cpzd4zk7qrjt?page=27,BBC Somali
https://www.bbc.com/somali/articles/cg4q2463rg4o,soomaali,27,https://www.bbc.com/somali/topics/cpzd4zk7qrjt?page=27,BBC Somali
https://www.bbc.com/somali/articles/c756d0ndxp1o,soomaali,27,https://www.bbc.com/somali/topics/cpzd4zk7qrjt?page=27,BBC Somali
https://www.bbc.com/somali/articles/cgk7m5mm11jo,soomaali,27,https://www.bbc.com/somali/topics/cpzd4zk7qrjt?page=27,BBC Somali
https://www.bbc.com/somali/articles/cy948rd5p31o,soomaali,27,https://www.bbc.com/somali/topics/cpzd4zk7qrjt?page=27,BBC Somali
https://www.bbc.com/somali/articles/c4g52zd48elo,soomaali,27,https://www.bbc.com/somali/topics/cpzd4zk7qrjt?page=27,BBC Somali
https://www.bbc.com/somali/articles/cm28348m8xyo,soomaali,27,https://www.bbc.com/somali/topics/cpzd4zk7qrjt?page=27,BBC Somali
https://www.bbc.com/somali/articles/cdx9rg40qy5o,soomaali,27,https://www.bbc.com/somali/topics/cpzd4zk7qrjt?page=27,BBC Somali
https://www.bbc.com/somali/articles/cr7584vn41do,soomaali,27,https://www.bbc.com/somali/topics/cpzd4zk7qrjt?page=27,BBC Somali
https://www.bbc.com/somali/articles/c62553y7688o,soomaali,28,https://www.bbc.com/somali/topics/cpzd4zk7qrjt?page=28,BBC Somali
https://www.bbc.com/somali/articles/c243nzlj3lpo,soomaali,28,https://www.bbc.com/somali/topics/cpzd4zk7qrjt?page=28,BBC Somali
https://www.bbc.com/somali/articles/c4glnvx40p5o,soomaali,28,https://www.bbc.com/somali/topics/cpzd4zk7qrjt?page=28,BBC Somali
https://www.bbc.com/somali/articles/c623px2drzwo,soomaali,28,https://www.bbc.com/somali/topics/cpzd4zk7qrjt?page=28,BBC Somali
https://www.bbc.com/somali/articles/ckgj58nr8rwo,soomaali,28,https://www.bbc.com/somali/topics/cpzd4zk7qrjt?page=28,BBC Somali
https://www.bbc.com/somali/articles/ceq5q4prlw4o,soomaali,28,https://www.bbc.com/somali/topics/cpzd4zk7qrjt?page=28,BBC Somali
https://www.bbc.com/somali/articles/cvg32lm304po,soomaali,28,https://www.bbc.com/somali/topics/cpzd4zk7qrjt?page=28,BBC Somali
https://www.bbc.com/somali/articles/cd98850newko,soomaali,28,https://www.bbc.com/somali/topics/cpzd4zk7qrjt?page=28,BBC Somali
https://www.bbc.com/somali/articles/ckgwqzr4044o,soomaali,28,https://www.bbc.com/somali/topics/cpzd4zk7qrjt?page=28,BBC Somali
https://www.bbc.com/somali/articles/cy0ll2yvkgro,soomaali,28,https://www.bbc.com/somali/topics/cpzd4zk7qrjt?page=28,BBC Somali
https://www.bbc.com/somali/articles/c5y3n35pd6wo,soomaali,28,https://www.bbc.com/somali/topics/cpzd4zk7qrjt?page=28,BBC Somali
https://www.bbc.com/somali/articles/czxgr7n4zx5o,soomaali,28,https://www.bbc.com/somali/topics/cpzd4zk7qrjt?page=28,BBC Somali
https://www.bbc.com/somali/articles/c1m0vmr0re9o,soomaali,28,https://www.bbc.com/somali/topics/cpzd4zk7qrjt?page=28,BBC Somali
https://www.bbc.com/somali/articles/c7566nd9246o,soomaali,28,https://www.bbc.com/somali/topics/cpzd4zk7qrjt?page=28,BBC Somali
https://www.bbc.com/somali/articles/czegg8d7zkwo,soomaali,28,https://www.bbc.com/somali/topics/cpzd4zk7qrjt?page=28,BBC Somali
https://www.bbc.com/somali/articles/cvgl9l1qld6o,soomaali,28,https://www.bbc.com/somali/topics/cpzd4zk7qrjt?page=28,BBC Somali
https://www.bbc.com/somali/articles/c9dyyvj4j07o,soomaali,28,https://www.bbc.com/somali/topics/cpzd4zk7qrjt?page=28,BBC Somali
https://www.bbc.com/somali/articles/cm2nmmmvlr4o,soomaali,28,https://www.bbc.com/somali/topics/cpzd4zk7qrjt?page=28,BBC Somali
https://www.bbc.com/somali/articles/c4gvd2kdkvzo,soomaali,29,https://www.bbc.com/somali/topics/cpzd4zk7qrjt?page=29,BBC Somali
https://www.bbc.com/somali/articles/c9v84479vxyo,soomaali,29,https://www.bbc.com/somali/topics/cpzd4zk7qrjt?page=29,BBC Somali
https://www.bbc.com/somali/articles/clynep5007yo,soomaali,29,https://www.bbc.com/somali/topics/cpzd4zk7qrjt?page=29,BBC Somali
https://www.bbc.com/somali/articles/cy4lp2w8lkno,soomaali,29,https://www.bbc.com/somali/topics/cpzd4zk7qrjt?page=29,BBC Somali
https://www.bbc.com/somali/articles/cewly489n70o,soomaali,29,https://www.bbc.com/somali/topics/cpzd4zk7qrjt?page=29,BBC Somali
https://www.bbc.com/somali/articles/czx6gzeyvklo,soomaali,29,https://www.bbc.com/somali/topics/cpzd4zk7qrjt?page=29,BBC Somali
https://www.bbc.com/somali/articles/cgjvyv8x1n1o,soomaali,29,https://www.bbc.com/somali/topics/cpzd4zk7qrjt?page=29,BBC Somali
https://www.bbc.com/somali/articles/cgq2pzn945no,soomaali,29,https://www.bbc.com/somali/topics/cpzd4zk7qrjt?page=29,BBC Somali
https://www.bbc.com/somali/articles/c4gey09z2ewo,soomaali,29,https://www.bbc.com/somali/topics/cpzd4zk7qrjt?page=29,BBC Somali
https://www.bbc.com/somali/articles/crlrp0l5z91o,soomaali,29,https://www.bbc.com/somali/topics/cpzd4zk7qrjt?page=29,BBC Somali
https://www.bbc.com/somali/articles/c07evjj81l5o,soomaali,29,https://www.bbc.com/somali/topics/cpzd4zk7qrjt?page=29,BBC Somali
https://www.bbc.com/somali/articles/c5yl4g4g57jo,soomaali,29,https://www.bbc.com/somali/topics/cpzd4zk7qrjt?page=29,BBC Somali
https://www.bbc.com/somali/articles/cwy32l43ydwo,soomaali,29,https://www.bbc.com/somali/topics/cpzd4zk7qrjt?page=29,BBC Somali
https://www.bbc.com/somali/articles/c0e8z25lpplo,soomaali,29,https://www.bbc.com/somali/topics/cpzd4zk7qrjt?page=29,BBC Somali
https://www.bbc.com/somali/articles/cgq2l0d1pxyo,soomaali,29,https://www.bbc.com/somali/topics/cpzd4zk7qrjt?page=29,BBC Somali
https://www.bbc.com/somali/articles/clyn3mnv300o,soomaali,29,https://www.bbc.com/somali/topics/cpzd4zk7qrjt?page=29,BBC Somali
https://www.bbc.com/somali/articles/cd73jgd1072o,soomaali,29,https://www.bbc.com/somali/topics/cpzd4zk7qrjt?page=29,BBC Somali
https://www.bbc.com/somali/articles/cj089rj9n20o,soomaali,30,https://www.bbc.com/somali/topics/cpzd4zk7qrjt?page=30,BBC Somali
https://www.bbc.com/somali/articles/c785e2wg6ylo,soomaali,30,https://www.bbc.com/somali/topics/cpzd4zk7qrjt?page=30,BBC Somali
https://www.bbc.com/somali/articles/cx28lnkln8zo,soomaali,30,https://www.bbc.com/somali/topics/cpzd4zk7qrjt?page=30,BBC Somali
https://www.bbc.com/somali/articles/ce81y83xl8yo,soomaali,30,https://www.bbc.com/somali/topics/cpzd4zk7qrjt?page=30,BBC Somali
https://www.bbc.com/somali/articles/c99002drj13o,soomaali,30,https://www.bbc.com/somali/topics/cpzd4zk7qrjt?page=30,BBC Somali
https://www.bbc.com/somali/articles/c0jpn02qqy7o,soomaali,30,https://www.bbc.com/somali/topics/cpzd4zk7qrjt?page=30,BBC Somali
https://www.bbc.com/somali/articles/ce8dz8qe9d7o,soomaali,30,https://www.bbc.com/somali/topics/cpzd4zk7qrjt?page=30,BBC Somali
https://www.bbc.com/somali/articles/ckgwnrn1345o,soomaali,30,https://www.bbc.com/somali/topics/cpzd4zk7qrjt?page=30,BBC Somali
https://www.bbc.com/somali/articles/c4ged63d9k2o,soomaali,30,https://www.bbc.com/somali/topics/cpzd4zk7qrjt?page=30,BBC Somali
https://www.bbc.com/somali/articles/cvgrr3zd6x0o,soomaali,30,https://www.bbc.com/somali/topics/cpzd4zk7qrjt?page=30,BBC Somali
https://www.bbc.com/somali/articles/c0mnvkwm3p2o,soomaali,30,https://www.bbc.com/somali/topics/cpzd4zk7qrjt?page=30,BBC Somali
https://www.bbc.com/somali/articles/c5y39vl86npo,soomaali,30,https://www.bbc.com/somali/topics/cpzd4zk7qrjt?page=30,BBC Somali
https://www.bbc.com/somali/articles/c1jllk6kj4zo,soomaali,30,https://www.bbc.com/somali/topics/cpzd4zk7qrjt?page=30,BBC Somali
https://www.bbc.com/somali/articles/cgl20n720j1o,soomaali,30,https://www.bbc.com/somali/topics/cpzd4zk7qrjt?page=30,BBC Somali
https://www.bbc.com/somali/articles/cq825xg8pqvo,soomaali,30,https://www.bbc.com/somali/topics/cpzd4zk7qrjt?page=30,BBC Somali
https://www.bbc.com/somali/articles/cdxllvn1vzjo,soomaali,30,https://www.bbc.com/somali/topics/cpzd4zk7qrjt?page=30,BBC Somali
https://www.bbc.com/somali/articles/ce8deqgjjgeo,soomaali,30,https://www.bbc.com/somali/topics/cpzd4zk7qrjt?page=30,BBC Somali
https://www.bbc.com/somali/articles/cm23knwzvjro,soomaali,30,https://www.bbc.com/somali/topics/cpzd4zk7qrjt?page=30,BBC Somali
https://www.bbc.com/somali/articles/c935yl90vkdo,soomaali,30,https://www.bbc.com/somali/topics/cpzd4zk7qrjt?page=30,BBC Somali
https://www.bbc.com/somali/articles/c8erkxgp1z2o,soomaali,30,https://www.bbc.com/somali/topics/cpzd4zk7qrjt?page=30,BBC Somali
https://www.bbc.com/somali/articles/cn7ld72107yo,soomaali,30,https://www.bbc.com/somali/topics/cpzd4zk7qrjt?page=30,BBC Somali
https://www.bbc.com/somali/articles/c33n4vej3dzo,soomaali,30,https://www.bbc.com/somali/topics/cpzd4zk7qrjt?page=30,BBC Somali
https://www.bbc.com/somali/articles/c87r8rl4d24o,soomaali,31,https://www.bbc.com/somali/topics/cpzd4zk7qrjt?page=31,BBC Somali
https://www.bbc.com/somali/articles/cd195we03kvo,soomaali,31,https://www.bbc.com/somali/topics/cpzd4zk7qrjt?page=31,BBC Somali
https://www.bbc.com/somali/articles/c8vdlyv06ppo,soomaali,31,https://www.bbc.com/somali/topics/cpzd4zk7qrjt?page=31,BBC Somali
https://www.bbc.com/somali/articles/ckrgrx29vx4o,soomaali,31,https://www.bbc.com/somali/topics/cpzd4zk7qrjt?page=31,BBC Somali
https://www.bbc.com/somali/articles/c97d30gjw45o,soomaali,31,https://www.bbc.com/somali/topics/cpzd4zk7qrjt?page=31,BBC Somali
https://www.bbc.com/somali/articles/cv2gyl74zv3o,soomaali,31,https://www.bbc.com/somali/topics/cpzd4zk7qrjt?page=31,BBC Somali
https://www.bbc.com/somali/articles/cg64dndkgxyo,soomaali,31,https://www.bbc.com/somali/topics/cpzd4zk7qrjt?page=31,BBC Somali
https://www.bbc.com/somali/articles/c2lkw4j5qpjo,soomaali,31,https://www.bbc.com/somali/topics/cpzd4zk7qrjt?page=31,BBC Somali
https://www.bbc.com/somali/articles/cd1x8yxj5y0o,soomaali,31,https://www.bbc.com/somali/topics/cpzd4zk7qrjt?page=31,BBC Somali
https://www.bbc.com/somali/articles/c7200we34wko,soomaali,31,https://www.bbc.com/somali/topics/cpzd4zk7qrjt?page=31,BBC Somali
https://www.bbc.com/somali/articles/c3g3yvpd6pdo,soomaali,31,https://www.bbc.com/somali/topics/cpzd4zk7qrjt?page=31,BBC Somali
https://www.bbc.com/somali/articles/c720p686g69o,soomaali,31,https://www.bbc.com/somali/topics/cpzd4zk7qrjt?page=31,BBC Somali
https://www.bbc.com/somali/articles/cv2gx6q017zo,soomaali,31,https://www.bbc.com/somali/topics/cpzd4zk7qrjt?page=31,BBC Somali
https://www.bbc.com/somali/articles/cx023e4n8n4o,soomaali,31,https://www.bbc.com/somali/topics/cpzd4zk7qrjt?page=31,BBC Somali
https://www.bbc.com/somali/articles/ce4qe48nvq2o,soomaali,31,https://www.bbc.com/somali/topics/cpzd4zk7qrjt?page=31,BBC Somali
https://www.bbc.com/somali/articles/cml2pgkp72no,soomaali,31,https://www.bbc.com/somali/topics/cpzd4zk7qrjt?page=31,BBC Somali
https://www.bbc.com/somali/articles/cxe21n2zmpgo,soomaali,31,https://www.bbc.com/somali/topics/cpzd4zk7qrjt?page=31,BBC Somali
https://www.bbc.com/somali/articles/c4ngy2ldp8do,soomaali,31,https://www.bbc.com/somali/topics/cpzd4zk7qrjt?page=31,BBC Somali
https://www.bbc.com/somali/articles/cm5245n3v0xo,soomaali,31,https://www.bbc.com/somali/topics/cpzd4zk7qrjt?page=31,BBC Somali
https://www.bbc.com/somali/articles/c6p2w0yvxw7o,soomaali,32,https://www.bbc.com/somali/topics/cpzd4zk7qrjt?page=32,BBC Somali
https://www.bbc.com/somali/articles/c3gez3x1el1o,soomaali,32,https://www.bbc.com/somali/topics/cpzd4zk7qrjt?page=32,BBC Somali
https://www.bbc.com/somali/articles/cxr2xew3ny6o,soomaali,32,https://www.bbc.com/somali/topics/cpzd4zk7qrjt?page=32,BBC Somali
https://www.bbc.com/somali/articles/c9r3x9164x1o,soomaali,32,https://www.bbc.com/somali/topics/cpzd4zk7qrjt?page=32,BBC Somali
https://www.bbc.com/somali/articles/clmyz91ln54o,soomaali,32,https://www.bbc.com/somali/topics/cpzd4zk7qrjt?page=32,BBC Somali
https://www.bbc.com/somali/articles/cek9ypyp211o,soomaali,32,https://www.bbc.com/somali/topics/cpzd4zk7qrjt?page=32,BBC Somali
https://www.bbc.com/somali/articles/c84jxg9kyr2o,soomaali,32,https://www.bbc.com/somali/topics/cpzd4zk7qrjt?page=32,BBC Somali
https://www.bbc.com/somali/articles/cpe3dl8y8klo,soomaali,32,https://www.bbc.com/somali/topics/cpzd4zk7qrjt?page=32,BBC Somali
https://www.bbc.com/somali/articles/cml21881nyeo,soomaali,32,https://www.bbc.com/somali/topics/cpzd4zk7qrjt?page=32,BBC Somali
https://www.bbc.com/somali/articles/cye08g8kwg1o,soomaali,32,https://www.bbc.com/somali/topics/cpzd4zk7qrjt?page=32,BBC Somali
https://www.bbc.com/somali/articles/c3grv559xd8o,soomaali,32,https://www.bbc.com/somali/topics/cpzd4zk7qrjt?page=32,BBC Somali
https://www.bbc.com/somali/articles/c147p47j29qo,soomaali,32,https://www.bbc.com/somali/topics/cpzd4zk7qrjt?page=32,BBC Somali
https://www.bbc.com/somali/articles/clmy5lg4g25o,soomaali,32,https://www.bbc.com/somali/topics/cpzd4zk7qrjt?page=32,BBC Somali
https://www.bbc.com/somali/articles/cjk3zz6z851o,soomaali,32,https://www.bbc.com/somali/topics/cpzd4zk7qrjt?page=32,BBC Somali
https://www.bbc.com/somali/articles/c727e2pe3p0o,soomaali,32,https://www.bbc.com/somali/topics/cpzd4zk7qrjt?page=32,BBC Somali
https://www.bbc.com/somali/articles/cp08jvmjvgqo,soomaali,32,https://www.bbc.com/somali/topics/cpzd4zk7qrjt?page=32,BBC Somali
https://www.bbc.com/somali/articles/cervn9vvy47o,soomaali,32,https://www.bbc.com/somali/topics/cpzd4zk7qrjt?page=32,BBC Somali
https://www.bbc.com/somali/articles/c03592j2y0no,soomaali,32,https://www.bbc.com/somali/topics/cpzd4zk7qrjt?page=32,BBC Somali
https://www.bbc.com/somali/articles/c035ejv7y08o,soomaali,32,https://www.bbc.com/somali/topics/cpzd4zk7qrjt?page=32,BBC Somali
https://www.bbc.com/somali/articles/cw8ynyvzdepo,soomaali,32,https://www.bbc.com/somali/topics/cpzd4zk7qrjt?page=32,BBC Somali
https://www.bbc.com/somali/articles/c6p237v7e92o,soomaali,32,https://www.bbc.com/somali/topics/cpzd4zk7qrjt?page=32,BBC Somali
https://www.bbc.com/somali/articles/c0kr4x914dno,soomaali,32,https://www.bbc.com/somali/topics/cpzd4zk7qrjt?page=32,BBC Somali
https://www.bbc.com/somali/articles/c880v0m78n5o,soomaali,33,https://www.bbc.com/somali/topics/cpzd4zk7qrjt?page=33,BBC Somali
https://www.bbc.com/somali/articles/c3grwv8g335o,soomaali,33,https://www.bbc.com/somali/topics/cpzd4zk7qrjt?page=33,BBC Somali
https://www.bbc.com/somali/articles/cql85e32v8yo,soomaali,33,https://www.bbc.com/somali/topics/cpzd4zk7qrjt?page=33,BBC Somali
https://www.bbc.com/somali/articles/cnl0g9w2098o,soomaali,33,https://www.bbc.com/somali/topics/cpzd4zk7qrjt?page=33,BBC Somali
https://www.bbc.com/somali/articles/ce4qlq8100jo,soomaali,33,https://www.bbc.com/somali/topics/cpzd4zk7qrjt?page=33,BBC Somali
https://www.bbc.com/somali/articles/c728552qd73o,soomaali,33,https://www.bbc.com/somali/topics/cpzd4zk7qrjt?page=33,BBC Somali
https://www.bbc.com/somali/articles/ced38v1xzneo,soomaali,33,https://www.bbc.com/somali/topics/cpzd4zk7qrjt?page=33,BBC Somali
https://www.bbc.com/somali/articles/c728w15318no,soomaali,33,https://www.bbc.com/somali/topics/cpzd4zk7qrjt?page=33,BBC Somali
https://www.bbc.com/somali/articles/cydvq2g6er0o,soomaali,33,https://www.bbc.com/somali/topics/cpzd4zk7qrjt?page=33,BBC Somali
https://www.bbc.com/somali/articles/cxw20erx7k4o,soomaali,33,https://www.bbc.com/somali/topics/cpzd4zk7qrjt?page=33,BBC Somali
https://www.bbc.com/somali/articles/c3g07p87jr6o,soomaali,33,https://www.bbc.com/somali/topics/cpzd4zk7qrjt?page=33,BBC Somali
https://www.bbc.com/somali/articles/clkynpmlr7lo,soomaali,33,https://www.bbc.com/somali/topics/cpzd4zk7qrjt?page=33,BBC Somali
https://www.bbc.com/somali/articles/c724npmved2o,soomaali,33,https://www.bbc.com/somali/topics/cpzd4zk7qrjt?page=33,BBC Somali
https://www.bbc.com/somali/articles/cv2g9gn43gdo,soomaali,33,https://www.bbc.com/somali/topics/cpzd4zk7qrjt?page=33,BBC Somali
https://www.bbc.com/somali/articles/c147d189xdwo,soomaali,33,https://www.bbc.com/somali/topics/cpzd4zk7qrjt?page=33,BBC Somali
https://www.bbc.com/somali/articles/c0jq8ek5v3lo,soomaali,33,https://www.bbc.com/somali/topics/cpzd4zk7qrjt?page=33,BBC Somali
https://www.bbc.com/somali/articles/cprrgqxgz1wo,soomaali,34,https://www.bbc.com/somali/topics/cpzd4zk7qrjt?page=34,BBC Somali
https://www.bbc.com/somali/articles/c8vvz7dy1e0o,soomaali,34,https://www.bbc.com/somali/topics/cpzd4zk7qrjt?page=34,BBC Somali
https://www.bbc.com/somali/articles/ckmmjl5eepzo,soomaali,34,https://www.bbc.com/somali/topics/cpzd4zk7qrjt?page=34,BBC Somali
https://www.bbc.com/somali/articles/cd16qq5j5jpo,soomaali,34,https://www.bbc.com/somali/topics/cpzd4zk7qrjt?page=34,BBC Somali
https://www.bbc.com/somali/articles/c5188z5lpn4o,soomaali,34,https://www.bbc.com/somali/topics/cpzd4zk7qrjt?page=34,BBC Somali
https://www.bbc.com/somali/articles/cx76npvdz66o,soomaali,34,https://www.bbc.com/somali/topics/cpzd4zk7qrjt?page=34,BBC Somali
https://www.bbc.com/somali/articles/cn007x3z1dro,soomaali,34,https://www.bbc.com/somali/topics/cpzd4zk7qrjt?page=34,BBC Somali
https://www.bbc.com/somali/articles/cgll55g5xy2o,soomaali,34,https://www.bbc.com/somali/topics/cpzd4zk7qrjt?page=34,BBC Somali
https://www.bbc.com/somali/articles/c51y840xq3wo,soomaali,34,https://www.bbc.com/somali/topics/cpzd4zk7qrjt?page=34,BBC Somali
https://www.bbc.com/somali/articles/cv2gweyedl2o,soomaali,34,https://www.bbc.com/somali/topics/cpzd4zk7qrjt?page=34,BBC Somali
https://www.bbc.com/somali/articles/c51yj419ydwo,soomaali,34,https://www.bbc.com/somali/topics/cpzd4zk7qrjt?page=34,BBC Somali
https://www.bbc.com/somali/articles/cnll04qeqr2o,soomaali,34,https://www.bbc.com/somali/topics/cpzd4zk7qrjt?page=34,BBC Somali
https://www.bbc.com/somali/articles/cn004z2ennno,soomaali,34,https://www.bbc.com/somali/topics/cpzd4zk7qrjt?page=34,BBC Somali
https://www.bbc.com/somali/articles/c2q06de05vgo,soomaali,34,https://www.bbc.com/somali/topics/cpzd4zk7qrjt?page=34,BBC Somali
https://www.bbc.com/somali/articles/c9035n5z77po,soomaali,34,https://www.bbc.com/somali/topics/cpzd4zk7qrjt?page=34,BBC Somali
https://www.bbc.com/somali/articles/cjkkd474l20o,soomaali,34,https://www.bbc.com/somali/topics/cpzd4zk7qrjt?page=34,BBC Somali
https://www.bbc.com/somali/articles/c6pp2p54d4ro,soomaali,34,https://www.bbc.com/somali/topics/cpzd4zk7qrjt?page=34,BBC Somali
https://www.bbc.com/somali/articles/cnkkl5zq8elo,soomaali,35,https://www.bbc.com/somali/topics/cpzd4zk7qrjt?page=35,BBC Somali
https://www.bbc.com/somali/articles/cd1129gd979o,soomaali,35,https://www.bbc.com/somali/topics/cpzd4zk7qrjt?page=35,BBC Somali
https://www.bbc.com/somali/articles/cn00nnlz35vo,soomaali,35,https://www.bbc.com/somali/topics/cpzd4zk7qrjt?page=35,BBC Somali
https://www.bbc.com/somali/articles/czkkel8m4n7o,soomaali,35,https://www.bbc.com/somali/topics/cpzd4zk7qrjt?page=35,BBC Somali
https://www.bbc.com/somali/articles/c4nnqqlx33wo,soomaali,35,https://www.bbc.com/somali/topics/cpzd4zk7qrjt?page=35,BBC Somali
https://www.bbc.com/somali/articles/ceddqeq01vlo,soomaali,35,https://www.bbc.com/somali/topics/cpzd4zk7qrjt?page=35,BBC Somali
https://www.bbc.com/somali/articles/c2lly8x4pzno,soomaali,35,https://www.bbc.com/somali/topics/cpzd4zk7qrjt?page=35,BBC Somali
https://www.bbc.com/somali/articles/cjeeq4w13wdo,soomaali,35,https://www.bbc.com/somali/topics/cpzd4zk7qrjt?page=35,BBC Somali
https://www.bbc.com/somali/articles/c03321yerr0o,soomaali,35,https://www.bbc.com/somali/topics/cpzd4zk7qrjt?page=35,BBC Somali
https://www.bbc.com/somali/articles/c9885pnn3lyo,soomaali,35,https://www.bbc.com/somali/topics/cpzd4zk7qrjt?page=35,BBC Somali
https://www.bbc.com/somali/articles/c6pp0l1l3gmo,soomaali,35,https://www.bbc.com/somali/topics/cpzd4zk7qrjt?page=35,BBC Somali
https://www.bbc.com/somali/articles/c2jjpgkp81ko,soomaali,35,https://www.bbc.com/somali/topics/cpzd4zk7qrjt?page=35,BBC Somali
https://www.bbc.com/somali/articles/c844dqqpyx9o,soomaali,35,https://www.bbc.com/somali/topics/cpzd4zk7qrjt?page=35,BBC Somali
https://www.bbc.com/somali/articles/cj55d18v7vyo,soomaali,35,https://www.bbc.com/somali/topics/cpzd4zk7qrjt?page=35,BBC Somali
https://www.bbc.com/somali/articles/cp00e53jqgqo,soomaali,35,https://www.bbc.com/somali/topics/cpzd4zk7qrjt?page=35,BBC Somali
https://www.bbc.com/somali/articles/czkkn55jgvjo,soomaali,35,https://www.bbc.com/somali/topics/cpzd4zk7qrjt?page=35,BBC Somali
https://www.bbc.com/somali/articles/cpww5e81edgo,soomaali,35,https://www.bbc.com/somali/topics/cpzd4zk7qrjt?page=35,BBC Somali
https://www.bbc.com/somali/articles/c0vvr02z3p7o,soomaali,35,https://www.bbc.com/somali/topics/cpzd4zk7qrjt?page=35,BBC Somali
https://www.bbc.com/somali/articles/cyddgm630p3o,soomaali,35,https://www.bbc.com/somali/topics/cpzd4zk7qrjt?page=35,BBC Somali
https://www.bbc.com/somali/articles/cjrrd58n447o,soomaali,36,https://www.bbc.com/somali/topics/cpzd4zk7qrjt?page=36,BBC Somali
https://www.bbc.com/somali/articles/c03dl9dnjdlo,soomaali,36,https://www.bbc.com/somali/topics/cpzd4zk7qrjt?page=36,BBC Somali
https://www.bbc.com/somali/articles/cn0v5ln114ko,soomaali,36,https://www.bbc.com/somali/topics/cpzd4zk7qrjt?page=36,BBC Somali
https://www.bbc.com/somali/articles/c722lxk8949o,soomaali,36,https://www.bbc.com/somali/topics/cpzd4zk7qrjt?page=36,BBC Somali
https://www.bbc.com/somali/articles/cv22w0v150ko,soomaali,36,https://www.bbc.com/somali/topics/cpzd4zk7qrjt?page=36,BBC Somali
https://www.bbc.com/somali/articles/c4nnp269qeno,soomaali,36,https://www.bbc.com/somali/topics/cpzd4zk7qrjt?page=36,BBC Somali
https://www.bbc.com/somali/articles/c511l9840z3o,soomaali,36,https://www.bbc.com/somali/topics/cpzd4zk7qrjt?page=36,BBC Somali
https://www.bbc.com/somali/articles/ck772m8l7k1o,soomaali,36,https://www.bbc.com/somali/topics/cpzd4zk7qrjt?page=36,BBC Somali
https://www.bbc.com/somali/articles/c0dd99knx99o,soomaali,36,https://www.bbc.com/somali/topics/cpzd4zk7qrjt?page=36,BBC Somali
https://www.bbc.com/somali/articles/cg3398nyq4do,soomaali,36,https://www.bbc.com/somali/topics/cpzd4zk7qrjt?page=36,BBC Somali
https://www.bbc.com/somali/articles/c4nn048430zo,soomaali,36,https://www.bbc.com/somali/topics/cpzd4zk7qrjt?page=36,BBC Somali
https://www.bbc.com/somali/articles/cn335y21xexo,soomaali,36,https://www.bbc.com/somali/topics/cpzd4zk7qrjt?page=36,BBC Somali
https://www.bbc.com/somali/articles/c511keme54ro,soomaali,36,https://www.bbc.com/somali/topics/cpzd4zk7qrjt?page=36,BBC Somali
https://www.bbc.com/somali/articles/ce44g1djj3zo,soomaali,36,https://www.bbc.com/somali/topics/cpzd4zk7qrjt?page=36,BBC Somali
https://www.bbc.com/somali/articles/cg30mmynpmvo,soomaali,36,https://www.bbc.com/somali/topics/cpzd4zk7qrjt?page=36,BBC Somali
https://www.bbc.com/somali/articles/cv22wqxqw8zo,soomaali,36,https://www.bbc.com/somali/topics/cpzd4zk7qrjt?page=36,BBC Somali
https://www.bbc.com/somali/articles/cnee1mpdgzyo,soomaali,36,https://www.bbc.com/somali/topics/cpzd4zk7qrjt?page=36,BBC Somali
https://www.bbc.com/somali/articles/ckkk6zr6wvyo,soomaali,36,https://www.bbc.com/somali/topics/cpzd4zk7qrjt?page=36,BBC Somali
https://www.bbc.com/somali/articles/crggwxwe4rwo,soomaali,36,https://www.bbc.com/somali/topics/cpzd4zk7qrjt?page=36,BBC Somali
https://www.bbc.com/somali/articles/ce44j9d1wqgo,soomaali,36,https://www.bbc.com/somali/topics/cpzd4zk7qrjt?page=36,BBC Somali
https://www.bbc.com/somali/articles/c0vvgqnzj5go,soomaali,36,https://www.bbc.com/somali/topics/cpzd4zk7qrjt?page=36,BBC Somali
https://www.bbc.com/somali/articles/cv225njg45vo,soomaali,36,https://www.bbc.com/somali/topics/cpzd4zk7qrjt?page=36,BBC Somali
https://www.bbc.com/somali/articles/cq5507yexxno,soomaali,36,https://www.bbc.com/somali/topics/cpzd4zk7qrjt?page=36,BBC Somali
https://www.bbc.com/somali/articles/cn0wn3yn7z0o,soomaali,37,https://www.bbc.com/somali/topics/cpzd4zk7qrjt?page=37,BBC Somali
https://www.bbc.com/somali/articles/c9rz5kkwqv5o,soomaali,37,https://www.bbc.com/somali/topics/cpzd4zk7qrjt?page=37,BBC Somali
https://www.bbc.com/somali/articles/c51nn7vwe59o,soomaali,37,https://www.bbc.com/somali/topics/cpzd4zk7qrjt?page=37,BBC Somali
https://www.bbc.com/somali/articles/cglx7nvxp94o,soomaali,37,https://www.bbc.com/somali/topics/cpzd4zk7qrjt?page=37,BBC Somali
https://www.bbc.com/somali/articles/cv2xz01nq41o,soomaali,37,https://www.bbc.com/somali/topics/cpzd4zk7qrjt?page=37,BBC Somali
https://www.bbc.com/somali/articles/cw599exvrnro,soomaali,37,https://www.bbc.com/somali/topics/cpzd4zk7qrjt?page=37,BBC Somali
https://www.bbc.com/somali/articles/c84z3y2lnd4o,soomaali,37,https://www.bbc.com/somali/topics/cpzd4zk7qrjt?page=37,BBC Somali
https://www.bbc.com/somali/articles/cnl4pwqdrx2o,soomaali,37,https://www.bbc.com/somali/topics/cpzd4zk7qrjt?page=37,BBC Somali
https://www.bbc.com/somali/articles/cw4dkw4x14lo,soomaali,37,https://www.bbc.com/somali/topics/cpzd4zk7qrjt?page=37,BBC Somali
https://www.bbc.com/somali/articles/cy63we2zn09o,soomaali,37,https://www.bbc.com/somali/topics/cpzd4zk7qrjt?page=37,BBC Somali
https://www.bbc.com/somali/articles/cv2dv8qvyrpo,soomaali,37,https://www.bbc.com/somali/topics/cpzd4zk7qrjt?page=37,BBC Somali
https://www.bbc.com/somali/articles/c9xzx12grepo,soomaali,37,https://www.bbc.com/somali/topics/cpzd4zk7qrjt?page=37,BBC Somali
https://www.bbc.com/somali/articles/cge87e4l4r1o,soomaali,37,https://www.bbc.com/somali/topics/cpzd4zk7qrjt?page=37,BBC Somali
https://www.bbc.com/somali/articles/cx7ddl84326o,soomaali,37,https://www.bbc.com/somali/topics/cpzd4zk7qrjt?page=37,BBC Somali
https://www.bbc.com/somali/articles/ce9rgy44q99o,soomaali,37,https://www.bbc.com/somali/topics/cpzd4zk7qrjt?page=37,BBC Somali
https://www.bbc.com/somali/articles/c4n1y1dv8eyo,soomaali,37,https://www.bbc.com/somali/topics/cpzd4zk7qrjt?page=37,BBC Somali
https://www.bbc.com/somali/articles/cm54kdyek7po,soomaali,37,https://www.bbc.com/somali/topics/cpzd4zk7qrjt?page=37,BBC Somali
https://www.bbc.com/somali/articles/c3gj0z50zpjo,soomaali,37,https://www.bbc.com/somali/topics/cpzd4zk7qrjt?page=37,BBC Somali
https://www.bbc.com/somali/articles/c72pyd7nxr1o,soomaali,37,https://www.bbc.com/somali/topics/cpzd4zk7qrjt?page=37,BBC Somali
https://www.bbc.com/somali/articles/c4n13d567gpo,soomaali,37,https://www.bbc.com/somali/topics/cpzd4zk7qrjt?page=37,BBC Somali
https://www.bbc.com/somali/articles/c6pyjpe1y46o,soomaali,37,https://www.bbc.com/somali/topics/cpzd4zk7qrjt?page=37,BBC Somali
https://www.bbc.com/somali/articles/cw4rd39jx7xo,soomaali,37,https://www.bbc.com/somali/topics/cpzd4zk7qrjt?page=37,BBC Somali
https://www.bbc.com/somali/articles/cydr296ydm4o,soomaali,37,https://www.bbc.com/somali/topics/cpzd4zk7qrjt?page=37,BBC Somali
https://www.bbc.com/somali/articles/c88z9e9j194o,soomaali,37,https://www.bbc.com/somali/topics/cpzd4zk7qrjt?page=37,BBC Somali
https://www.bbc.com/somali/articles/cx9w748xkxpo,soomaali,38,https://www.bbc.com/somali/topics/cpzd4zk7qrjt?page=38,BBC Somali
https://www.bbc.com/somali/articles/cv26ej4y42po,soomaali,38,https://www.bbc.com/somali/topics/cpzd4zk7qrjt?page=38,BBC Somali
https://www.bbc.com/somali/articles/cyerxgg3y4jo,soomaali,38,https://www.bbc.com/somali/topics/cpzd4zk7qrjt?page=38,BBC Somali
https://www.bbc.com/somali/articles/cw9451j04qno,soomaali,38,https://www.bbc.com/somali/topics/cpzd4zk7qrjt?page=38,BBC Somali
https://www.bbc.com/somali/articles/c25r7q3e8v4o,soomaali,38,https://www.bbc.com/somali/topics/cpzd4zk7qrjt?page=38,BBC Somali
https://www.bbc.com/somali/articles/cd1qg859d30o,soomaali,38,https://www.bbc.com/somali/topics/cpzd4zk7qrjt?page=38,BBC Somali
https://www.bbc.com/somali/articles/cz9lyq1gkwxo,soomaali,38,https://www.bbc.com/somali/topics/cpzd4zk7qrjt?page=38,BBC Somali
https://www.bbc.com/somali/articles/cd1vx1j9xreo,soomaali,38,https://www.bbc.com/somali/topics/cpzd4zk7qrjt?page=38,BBC Somali
https://www.bbc.com/somali/articles/czd81y2x3vzo,soomaali,38,https://www.bbc.com/somali/topics/cpzd4zk7qrjt?page=38,BBC Somali
https://www.bbc.com/somali/articles/c3gezl91vd4o,soomaali,38,https://www.bbc.com/somali/topics/cpzd4zk7qrjt?page=38,BBC Somali
https://www.bbc.com/somali/articles/c0jkpqq41v0o,soomaali,38,https://www.bbc.com/somali/topics/cpzd4zk7qrjt?page=38,BBC Somali
https://www.bbc.com/somali/articles/c03d9xlpx69o,soomaali,38,https://www.bbc.com/somali/topics/cpzd4zk7qrjt?page=38,BBC Somali
https://www.bbc.com/somali/articles/cx7d38lz9qvo,soomaali,38,https://www.bbc.com/somali/topics/cpzd4zk7qrjt?page=38,BBC Somali
https://www.bbc.com/somali/articles/cjjen6yey74o,soomaali,38,https://www.bbc.com/somali/topics/cpzd4zk7qrjt?page=38,BBC Somali
https://www.bbc.com/somali/articles/c72p08v41w4o,soomaali,38,https://www.bbc.com/somali/topics/cpzd4zk7qrjt?page=38,BBC Somali
https://www.bbc.com/somali/articles/cw94wrv1x41o,soomaali,38,https://www.bbc.com/somali/topics/cpzd4zk7qrjt?page=38,BBC Somali
https://www.bbc.com/somali/articles/cnkel7407d7o,soomaali,38,https://www.bbc.com/somali/topics/cpzd4zk7qrjt?page=38,BBC Somali
https://www.bbc.com/somali/articles/cqenm0z0ejro,soomaali,38,https://www.bbc.com/somali/topics/cpzd4zk7qrjt?page=38,BBC Somali
https://www.bbc.com/somali/articles/c6pyvvrewxeo,soomaali,38,https://www.bbc.com/somali/topics/cpzd4zk7qrjt?page=38,BBC Somali
https://www.bbc.com/somali/articles/cglx17l70xvo,soomaali,38,https://www.bbc.com/somali/topics/cpzd4zk7qrjt?page=38,BBC Somali
https://www.bbc.com/somali/articles/c84zp7839gvo,soomaali,38,https://www.bbc.com/somali/topics/cpzd4zk7qrjt?page=38,BBC Somali
https://www.bbc.com/somali/articles/cg30jyw702xo,soomaali,38,https://www.bbc.com/somali/topics/cpzd4zk7qrjt?page=38,BBC Somali
https://www.bbc.com/somali/articles/cl5k8z1v004o,soomaali,38,https://www.bbc.com/somali/topics/cpzd4zk7qrjt?page=38,BBC Somali
https://www.bbc.com/somali/articles/cge8w24y1x1o,soomaali,39,https://www.bbc.com/somali/topics/cpzd4zk7qrjt?page=39,BBC Somali
https://www.bbc.com/somali/articles/cll4v3j286po,soomaali,39,https://www.bbc.com/somali/topics/cpzd4zk7qrjt?page=39,BBC Somali
https://www.bbc.com/somali/articles/c51n8glmgmzo,soomaali,39,https://www.bbc.com/somali/topics/cpzd4zk7qrjt?page=39,BBC Somali
https://www.bbc.com/somali/articles/c2lwle1ld5no,soomaali,39,https://www.bbc.com/somali/topics/cpzd4zk7qrjt?page=39,BBC Somali
https://www.bbc.com/somali/articles/c3g7g08mje9o,soomaali,39,https://www.bbc.com/somali/topics/cpzd4zk7qrjt?page=39,BBC Somali
https://www.bbc.com/somali/articles/c3gv6144ygpo,soomaali,39,https://www.bbc.com/somali/topics/cpzd4zk7qrjt?page=39,BBC Somali
https://www.bbc.com/somali/articles/c14j4740pqro,soomaali,39,https://www.bbc.com/somali/topics/cpzd4zk7qrjt?page=39,BBC Somali
https://www.bbc.com/somali/articles/cn403lr0744o,soomaali,39,https://www.bbc.com/somali/topics/cpzd4zk7qrjt?page=39,BBC Somali
https://www.bbc.com/somali/articles/cyrlg7g0jyzo,soomaali,39,https://www.bbc.com/somali/topics/cpzd4zk7qrjt?page=39,BBC Somali
https://www.bbc.com/somali/articles/cle094zdq0xo,soomaali,39,https://www.bbc.com/somali/topics/cpzd4zk7qrjt?page=39,BBC Somali
https://www.bbc.com/somali/articles/cn0wj3w8l88o,soomaali,39,https://www.bbc.com/somali/topics/cpzd4zk7qrjt?page=39,BBC Somali
https://www.bbc.com/somali/articles/cx8z82v9e9yo,soomaali,39,https://www.bbc.com/somali/topics/cpzd4zk7qrjt?page=39,BBC Somali
https://www.bbc.com/somali/articles/c90z8q91q7wo,soomaali,39,https://www.bbc.com/somali/topics/cpzd4zk7qrjt?page=39,BBC Somali
https://www.bbc.com/somali/articles/c4n1xw8ej2yo,soomaali,39,https://www.bbc.com/somali/topics/cpzd4zk7qrjt?page=39,BBC Somali
https://www.bbc.com/somali/articles/c72p449n0g4o,soomaali,39,https://www.bbc.com/somali/topics/cpzd4zk7qrjt?page=39,BBC Somali
https://www.bbc.com/somali/articles/c72p8lxz4wqo,soomaali,39,https://www.bbc.com/somali/topics/cpzd4zk7qrjt?page=39,BBC Somali
https://www.bbc.com/somali/articles/c4n1py8mq40o,soomaali,39,https://www.bbc.com/somali/topics/cpzd4zk7qrjt?page=39,BBC Somali
https://www.bbc.com/somali/articles/c2963j7g95lo,soomaali,39,https://www.bbc.com/somali/topics/cpzd4zk7qrjt?page=39,BBC Somali
https://www.bbc.com/somali/articles/c8v38g2vqdpo,soomaali,40,https://www.bbc.com/somali/topics/cpzd4zk7qrjt?page=40,BBC Somali
https://www.bbc.com/somali/articles/cjrjk1p5kgqo,soomaali,40,https://www.bbc.com/somali/topics/cpzd4zk7qrjt?page=40,BBC Somali
https://www.bbc.com/somali/articles/cxezk5jddg8o,soomaali,40,https://www.bbc.com/somali/topics/cpzd4zk7qrjt?page=40,BBC Somali
https://www.bbc.com/somali/articles/cd1459lj5pjo,soomaali,40,https://www.bbc.com/somali/topics/cpzd4zk7qrjt?page=40,BBC Somali
https://www.bbc.com/somali/articles/cl4kdmnyl3do,soomaali,40,https://www.bbc.com/somali/topics/cpzd4zk7qrjt?page=40,BBC Somali
https://www.bbc.com/somali/articles/czdzq3pd52eo,soomaali,40,https://www.bbc.com/somali/topics/cpzd4zk7qrjt?page=40,BBC Somali
https://www.bbc.com/somali/articles/cw8zlx1ppy6o,soomaali,40,https://www.bbc.com/somali/topics/cpzd4zk7qrjt?page=40,BBC Somali
https://www.bbc.com/somali/articles/cz4z82l520no,soomaali,40,https://www.bbc.com/somali/topics/cpzd4zk7qrjt?page=40,BBC Somali
https://www.bbc.com/somali/articles/cekeykpe7xno,soomaali,40,https://www.bbc.com/somali/topics/cpzd4zk7qrjt?page=40,BBC Somali
https://www.bbc.com/somali/articles/c2ejj76lgj0o,soomaali,40,https://www.bbc.com/somali/topics/cpzd4zk7qrjt?page=40,BBC Somali
https://www.bbc.com/somali/articles/cxxz13lz17xo,soomaali,40,https://www.bbc.com/somali/topics/cpzd4zk7qrjt?page=40,BBC Somali
https://www.bbc.com/somali/articles/cerw7zx920eo,soomaali,40,https://www.bbc.com/somali/topics/cpzd4zk7qrjt?page=40,BBC Somali
https://www.bbc.com/somali/articles/ckvw48en0edo,soomaali,40,https://www.bbc.com/somali/topics/cpzd4zk7qrjt?page=40,BBC Somali
https://www.bbc.com/somali/articles/c2jx2g0gj3mo,soomaali,40,https://www.bbc.com/somali/topics/cpzd4zk7qrjt?page=40,BBC Somali
https://www.bbc.com/somali/articles/c7204nx7jdqo,soomaali,40,https://www.bbc.com/somali/topics/cpzd4zk7qrjt?page=40,BBC Somali
https://www.bbc.com/somali/articles/c3ge1egqp5wo,soomaali,40,https://www.bbc.com/somali/topics/cpzd4zk7qrjt?page=40,BBC Somali
https://www.bbc.com/somali/articles/ck5wlye3d67o,soomaali,40,https://www.bbc.com/somali/topics/cpzd4zk7qrjt?page=40,BBC Somali
https://www.bbc.com/somali/articles/c89v2j2r94eo,soomaali,40,https://www.bbc.com/somali/topics/cpzd4zk7qrjt?page=40,BBC Somali
https://www.bbc.com/somali/articles/cx2834vd4lyo,haween,1,https://www.bbc.com/somali/topics/cxnykn5732gt?page=1,BBC Somali
https://www.bbc.com/somali/articles/c5y4n4n4dglo,haween,1,https://www.bbc.com/somali/topics/cxnykn5732gt?page=1,BBC Somali
https://www.bbc.com/somali/articles/c04vr5ddlgpo,haween,1,https://www.bbc.com/somali/topics/cxnykn5732gt?page=1,BBC Somali
https://www.bbc.com/somali/articles/c3ex4131n2zo,haween,1,https://www.bbc.com/somali/topics/cxnykn5732gt?page=1,BBC Somali
https://www.bbc.com/somali/articles/cyv5yg46zrdo,haween,1,https://www.bbc.com/somali/topics/cxnykn5732gt?page=1,BBC Somali
https://www.bbc.com/somali/articles/cvgr8nyvml7o,haween,1,https://www.bbc.com/somali/topics/cxnykn5732gt?page=1,BBC Somali
https://www.bbc.com/somali/articles/c709gndn5xyo,haween,1,https://www.bbc.com/somali/topics/cxnykn5732gt?page=1,BBC Somali
https://www.bbc.com/somali/articles/c5yqnjxyg3wo,haween,1,https://www.bbc.com/somali/topics/cxnykn5732gt?page=1,BBC Somali
https://www.bbc.com/somali/articles/cm2v52025n1o,haween,1,https://www.bbc.com/somali/topics/cxnykn5732gt?page=1,BBC Somali
https://www.bbc.com/somali/articles/crk7m1l85vzo,haween,1,https://www.bbc.com/somali/topics/cxnykn5732gt?page=1,BBC Somali
https://www.bbc.com/somali/articles/czx9l1lpq4ko,haween,1,https://www.bbc.com/somali/topics/cxnykn5732gt?page=1,BBC Somali
https://www.bbc.com/somali/articles/c14vxp6dye4o,haween,1,https://www.bbc.com/somali/topics/cxnykn5732gt?page=1,BBC Somali
https://www.bbc.com/somali/articles/c8xd48504l8o,haween,1,https://www.bbc.com/somali/topics/cxnykn5732gt?page=1,BBC Somali
https://www.bbc.com/somali/articles/c4g4gzvq033o,haween,1,https://www.bbc.com/somali/topics/cxnykn5732gt?page=1,BBC Somali
https://www.bbc.com/somali/articles/czrey8854r4o,haween,1,https://www.bbc.com/somali/topics/cxnykn5732gt?page=1,BBC Somali
https://www.bbc.com/somali/articles/c1e9z1ej784o,haween,1,https://www.bbc.com/somali/topics/cxnykn5732gt?page=1,BBC Somali
https://www.bbc.com/somali/articles/cx233w13egzo,haween,1,https://www.bbc.com/somali/topics/cxnykn5732gt?page=1,BBC Somali
https://www.bbc.com/somali/articles/cp85y21e9meo,haween,1,https://www.bbc.com/somali/topics/cxnykn5732gt?page=1,BBC Somali
https://www.bbc.com/somali/articles/ce3e7ye5j4yo,haween,1,https://www.bbc.com/somali/topics/cxnykn5732gt?page=1,BBC Somali
https://www.bbc.com/somali/articles/cy844g469wqo,haween,1,https://www.bbc.com/somali/topics/cxnykn5732gt?page=1,BBC Somali
https://www.bbc.com/somali/articles/cdr2ygr052po,haween,1,https://www.bbc.com/somali/topics/cxnykn5732gt?page=1,BBC Somali
https://www.bbc.com/somali/articles/cj6nrydxk7ro,haween,2,https://www.bbc.com/somali/topics/cxnykn5732gt?page=2,BBC Somali
https://www.bbc.com/somali/articles/c87e8rz0r7go,haween,2,https://www.bbc.com/somali/topics/cxnykn5732gt?page=2,BBC Somali
https://www.bbc.com/somali/articles/c3w9ev78z2vo,haween,2,https://www.bbc.com/somali/topics/cxnykn5732gt?page=2,BBC Somali
https://www.bbc.com/somali/articles/cd6701w5932o,haween,2,https://www.bbc.com/somali/topics/cxnykn5732gt?page=2,BBC Somali
https://www.bbc.com/somali/articles/c4g7zz2zlneo,haween,2,https://www.bbc.com/somali/topics/cxnykn5732gt?page=2,BBC Somali
https://www.bbc.com/somali/articles/c2em7wrd80xo,haween,2,https://www.bbc.com/somali/topics/cxnykn5732gt?page=2,BBC Somali
https://www.bbc.com/somali/articles/cn0xjj8rgy2o,haween,2,https://www.bbc.com/somali/topics/cxnykn5732gt?page=2,BBC Somali
https://www.bbc.com/somali/articles/cwy7n0qxlv5o,haween,2,https://www.bbc.com/somali/topics/cxnykn5732gt?page=2,BBC Somali
https://www.bbc.com/somali/articles/cdrzym2d6y3o,haween,2,https://www.bbc.com/somali/topics/cxnykn5732gt?page=2,BBC Somali
https://www.bbc.com/somali/articles/czdry9qpl00o,haween,2,https://www.bbc.com/somali/topics/cxnykn5732gt?page=2,BBC Somali
https://www.bbc.com/somali/articles/c776dmkzzr4o,haween,2,https://www.bbc.com/somali/topics/cxnykn5732gt?page=2,BBC Somali
https://www.bbc.com/somali/articles/clyvklzn044o,haween,2,https://www.bbc.com/somali/topics/cxnykn5732gt?page=2,BBC Somali
https://www.bbc.com/somali/articles/c9dqqjwpypjo,haween,3,https://www.bbc.com/somali/topics/cxnykn5732gt?page=3,BBC Somali
https://www.bbc.com/somali/articles/cj6yz5k8rdzo,haween,3,https://www.bbc.com/somali/topics/cxnykn5732gt?page=3,BBC Somali
https://www.bbc.com/somali/articles/cx2ykpzyvk3o,haween,3,https://www.bbc.com/somali/topics/cxnykn5732gt?page=3,BBC Somali
https://www.bbc.com/somali/articles/c0e4q4dvr9zo,haween,3,https://www.bbc.com/somali/topics/cxnykn5732gt?page=3,BBC Somali
https://www.bbc.com/somali/articles/c3d55dgenl5o,haween,3,https://www.bbc.com/somali/topics/cxnykn5732gt?page=3,BBC Somali
https://www.bbc.com/somali/articles/cn7g4epzddeo,haween,3,https://www.bbc.com/somali/topics/cxnykn5732gt?page=3,BBC Somali
https://www.bbc.com/somali/articles/cjel8vg8lqdo,haween,3,https://www.bbc.com/somali/topics/cxnykn5732gt?page=3,BBC Somali
https://www.bbc.com/somali/articles/c4geg3rwyx6o,haween,3,https://www.bbc.com/somali/topics/cxnykn5732gt?page=3,BBC Somali
https://www.bbc.com/somali/articles/c1707p51qvjo,haween,3,https://www.bbc.com/somali/topics/cxnykn5732gt?page=3,BBC Somali
https://www.bbc.com/somali/articles/cvgnn9w1zero,haween,3,https://www.bbc.com/somali/topics/cxnykn5732gt?page=3,BBC Somali
https://www.bbc.com/somali/articles/cwy3l4vd5yxo,haween,3,https://www.bbc.com/somali/topics/cxnykn5732gt?page=3,BBC Somali
https://www.bbc.com/somali/articles/cwyn8zj57qdo,haween,3,https://www.bbc.com/somali/topics/cxnykn5732gt?page=3,BBC Somali
https://www.bbc.com/somali/articles/c24vgqjj01po,haween,3,https://www.bbc.com/somali/topics/cxnykn5732gt?page=3,BBC Somali
https://www.bbc.com/somali/articles/c0mvzwl4jzyo,haween,3,https://www.bbc.com/somali/topics/cxnykn5732gt?page=3,BBC Somali
https://www.bbc.com/somali/articles/ckgnl4pe5j5o,haween,3,https://www.bbc.com/somali/topics/cxnykn5732gt?page=3,BBC Somali
https://www.bbc.com/somali/articles/c79drrv80zpo,haween,3,https://www.bbc.com/somali/topics/cxnykn5732gt?page=3,BBC Somali
https://www.bbc.com/somali/articles/c5yvryl14n5o,haween,3,https://www.bbc.com/somali/topics/cxnykn5732gt?page=3,BBC Somali
https://www.bbc.com/somali/articles/c75z37pgenxo,haween,3,https://www.bbc.com/somali/topics/cxnykn5732gt?page=3,BBC Somali
https://www.bbc.com/somali/articles/cn84z9g3d0go,haween,3,https://www.bbc.com/somali/topics/cxnykn5732gt?page=3,BBC Somali
https://www.bbc.com/somali/articles/cx2rg4wxlxro,haween,3,https://www.bbc.com/somali/topics/cxnykn5732gt?page=3,BBC Somali
https://www.bbc.com/somali/articles/c0l18xyz3xdo,haween,3,https://www.bbc.com/somali/topics/cxnykn5732gt?page=3,BBC Somali
https://www.bbc.com/somali/articles/cj9vr23pz3vo,haween,3,https://www.bbc.com/somali/topics/cxnykn5732gt?page=3,BBC Somali
https://www.bbc.com/somali/articles/c1wj888g809o,haween,4,https://www.bbc.com/somali/topics/cxnykn5732gt?page=4,BBC Somali
https://www.bbc.com/somali/articles/c93pzgx5wpko,haween,4,https://www.bbc.com/somali/topics/cxnykn5732gt?page=4,BBC Somali
https://www.bbc.com/somali/articles/cly77lmjv1po,haween,4,https://www.bbc.com/somali/topics/cxnykn5732gt?page=4,BBC Somali
https://www.bbc.com/somali/articles/c3denxdrekko,haween,4,https://www.bbc.com/somali/topics/cxnykn5732gt?page=4,BBC Somali
https://www.bbc.com/somali/articles/cz7jpjg32pwo,haween,4,https://www.bbc.com/somali/topics/cxnykn5732gt?page=4,BBC Somali
https://www.bbc.com/somali/articles/cgqy0nz3gxpo,haween,4,https://www.bbc.com/somali/topics/cxnykn5732gt?page=4,BBC Somali
https://www.bbc.com/somali/articles/cn8gjk5yyrmo,haween,4,https://www.bbc.com/somali/topics/cxnykn5732gt?page=4,BBC Somali
https://www.bbc.com/somali/articles/ce3y72rn6v0o,haween,4,https://www.bbc.com/somali/topics/cxnykn5732gt?page=4,BBC Somali
https://www.bbc.com/somali/articles/cgejgnyyqj4o,haween,4,https://www.bbc.com/somali/topics/cxnykn5732gt?page=4,BBC Somali
https://www.bbc.com/somali/articles/cwygzjz79pyo,haween,4,https://www.bbc.com/somali/topics/cxnykn5732gt?page=4,BBC Somali
https://www.bbc.com/somali/articles/cevyg4377exo,haween,4,https://www.bbc.com/somali/topics/cxnykn5732gt?page=4,BBC Somali
https://www.bbc.com/somali/articles/cj9nd0j8gevo,haween,4,https://www.bbc.com/somali/topics/cxnykn5732gt?page=4,BBC Somali
https://www.bbc.com/somali/articles/c70w5j1jd4no,haween,4,https://www.bbc.com/somali/topics/cxnykn5732gt?page=4,BBC Somali
https://www.bbc.com/somali/articles/cr54pm9r9j3o,haween,4,https://www.bbc.com/somali/topics/cxnykn5732gt?page=4,BBC Somali
https://www.bbc.com/somali/articles/ckgl77zq09xo,haween,4,https://www.bbc.com/somali/topics/cxnykn5732gt?page=4,BBC Somali
https://www.bbc.com/somali/articles/cden414x8eko,haween,4,https://www.bbc.com/somali/topics/cxnykn5732gt?page=4,BBC Somali
https://www.bbc.com/somali/articles/c4gq4y0pjgjo,haween,4,https://www.bbc.com/somali/topics/cxnykn5732gt?page=4,BBC Somali
https://www.bbc.com/somali/articles/c4g07rrm3n9o,haween,4,https://www.bbc.com/somali/topics/cxnykn5732gt?page=4,BBC Somali
https://www.bbc.com/somali/articles/cd9n3dyw29xo,haween,4,https://www.bbc.com/somali/topics/cxnykn5732gt?page=4,BBC Somali
https://www.bbc.com/somali/articles/cvgelpnpe7qo,haween,5,https://www.bbc.com/somali/topics/cxnykn5732gt?page=5,BBC Somali
https://www.bbc.com/somali/articles/cx2e95dp9g4o,haween,5,https://www.bbc.com/somali/topics/cxnykn5732gt?page=5,BBC Somali
https://www.bbc.com/somali/articles/cz735q949n5o,haween,5,https://www.bbc.com/somali/topics/cxnykn5732gt?page=5,BBC Somali
https://www.bbc.com/somali/articles/cd1de91pm27o,haween,5,https://www.bbc.com/somali/topics/cxnykn5732gt?page=5,BBC Somali
https://www.bbc.com/somali/articles/c0rw9r4zk59o,haween,5,https://www.bbc.com/somali/topics/cxnykn5732gt?page=5,BBC Somali
https://www.bbc.com/somali/articles/cg3e3n2130yo,haween,5,https://www.bbc.com/somali/topics/cxnykn5732gt?page=5,BBC Somali
https://www.bbc.com/somali/articles/cz07eknn99no,haween,5,https://www.bbc.com/somali/topics/cxnykn5732gt?page=5,BBC Somali
https://www.bbc.com/somali/articles/cq5x3xl2vpno,haween,5,https://www.bbc.com/somali/topics/cxnykn5732gt?page=5,BBC Somali
https://www.bbc.com/somali/articles/cdey9j9jpkdo,haween,5,https://www.bbc.com/somali/topics/cxnykn5732gt?page=5,BBC Somali
https://www.bbc.com/somali/articles/c87rg6kdkxdo,haween,5,https://www.bbc.com/somali/topics/cxnykn5732gt?page=5,BBC Somali
https://www.bbc.com/somali/articles/c3039rvp541o,haween,5,https://www.bbc.com/somali/topics/cxnykn5732gt?page=5,BBC Somali
https://www.bbc.com/somali/articles/cdx6ll340vqo,haween,5,https://www.bbc.com/somali/topics/cxnykn5732gt?page=5,BBC Somali
https://www.bbc.com/somali/articles/cp35ye5n3z0o,haween,5,https://www.bbc.com/somali/topics/cxnykn5732gt?page=5,BBC Somali
https://www.bbc.com/somali/articles/cxe2gjj39pyo,haween,5,https://www.bbc.com/somali/topics/cxnykn5732gt?page=5,BBC Somali
https://www.bbc.com/somali/articles/c0l80980e5yo,haween,5,https://www.bbc.com/somali/topics/cxnykn5732gt?page=5,BBC Somali
https://www.bbc.com/somali/articles/cqql03l0pg4o,haween,5,https://www.bbc.com/somali/topics/cxnykn5732gt?page=5,BBC Somali
https://www.bbc.com/somali/articles/c978g49l8n9o,haween,5,https://www.bbc.com/somali/topics/cxnykn5732gt?page=5,BBC Somali
https://www.bbc.com/somali/articles/c1994lngerpo,haween,6,https://www.bbc.com/somali/topics/cxnykn5732gt?page=6,BBC Somali
https://www.bbc.com/somali/articles/c800k1443r7o,haween,6,https://www.bbc.com/somali/topics/cxnykn5732gt?page=6,BBC Somali
https://www.bbc.com/somali/articles/c8vzl61vj6po,haween,6,https://www.bbc.com/somali/topics/cxnykn5732gt?page=6,BBC Somali
https://www.bbc.com/somali/articles/c98q7z4nzxqo,haween,6,https://www.bbc.com/somali/topics/cxnykn5732gt?page=6,BBC Somali
https://www.bbc.com/somali/articles/c0ve83z22geo,haween,6,https://www.bbc.com/somali/topics/cxnykn5732gt?page=6,BBC Somali
https://www.bbc.com/somali/articles/cx7ddxv1lp7o,haween,6,https://www.bbc.com/somali/topics/cxnykn5732gt?page=6,BBC Somali
https://www.bbc.com/somali/articles/crgy8vl3wz9o,haween,6,https://www.bbc.com/somali/topics/cxnykn5732gt?page=6,BBC Somali
https://www.bbc.com/somali/articles/c29wz675d74o,haween,6,https://www.bbc.com/somali/topics/cxnykn5732gt?page=6,BBC Somali
https://www.bbc.com/somali/articles/c9xxe74d22yo,haween,6,https://www.bbc.com/somali/topics/cxnykn5732gt?page=6,BBC Somali
https://www.bbc.com/somali/articles/cxx858wj54go,haween,6,https://www.bbc.com/somali/topics/cxnykn5732gt?page=6,BBC Somali
https://www.bbc.com/somali/articles/c03r7wz6x86o,haween,6,https://www.bbc.com/somali/topics/cxnykn5732gt?page=6,BBC Somali
https://www.bbc.com/somali/articles/cn0w2yep231o,haween,6,https://www.bbc.com/somali/topics/cxnykn5732gt?page=6,BBC Somali
https://www.bbc.com/somali/articles/cjkkg7vympno,haween,6,https://www.bbc.com/somali/topics/cxnykn5732gt?page=6,BBC Somali
https://www.bbc.com/somali/articles/cz47q9zj4vgo,haween,6,https://www.bbc.com/somali/topics/cxnykn5732gt?page=6,BBC Somali
https://www.bbc.com/somali/articles/cyxxq1q1wldo,haween,6,https://www.bbc.com/somali/topics/cxnykn5732gt?page=6,BBC Somali
https://www.bbc.com/somali/articles/crgyedzeg2po,haween,6,https://www.bbc.com/somali/topics/cxnykn5732gt?page=6,BBC Somali
https://www.bbc.com/somali/articles/c90e75719jno,haween,6,https://www.bbc.com/somali/topics/cxnykn5732gt?page=6,BBC Somali
https://www.bbc.com/somali/articles/c3gqdzdgvlxo,haween,6,https://www.bbc.com/somali/topics/cxnykn5732gt?page=6,BBC Somali
https://www.bbc.com/somali/articles/cd1x9y5qyylo,haween,6,https://www.bbc.com/somali/topics/cxnykn5732gt?page=6,BBC Somali
https://www.bbc.com/somali/articles/cyjz4n3ymnyo,haween,6,https://www.bbc.com/somali/topics/cxnykn5732gt?page=6,BBC Somali
https://www.bbc.com/somali/articles/c3gy2344wnxo,haween,7,https://www.bbc.com/somali/topics/cxnykn5732gt?page=7,BBC Somali
https://www.bbc.com/somali/articles/cmmq8jmj086o,haween,7,https://www.bbc.com/somali/topics/cxnykn5732gt?page=7,BBC Somali
https://www.bbc.com/somali/articles/clme7nyd19ko,haween,7,https://www.bbc.com/somali/topics/cxnykn5732gt?page=7,BBC Somali
https://www.bbc.com/somali/articles/clev4pe48x1o,haween,7,https://www.bbc.com/somali/topics/cxnykn5732gt?page=7,BBC Somali
https://www.bbc.com/somali/articles/c884vg1nkxjo,haween,7,https://www.bbc.com/somali/topics/cxnykn5732gt?page=7,BBC Somali
https://www.bbc.com/somali/articles/cd1j8pj9r0po,haween,7,https://www.bbc.com/somali/topics/cxnykn5732gt?page=7,BBC Somali
https://www.bbc.com/somali/articles/c90e92xgpxvo,haween,7,https://www.bbc.com/somali/topics/cxnykn5732gt?page=7,BBC Somali
https://www.bbc.com/somali/articles/cw506q25w03o,haween,7,https://www.bbc.com/somali/topics/cxnykn5732gt?page=7,BBC Somali
https://www.bbc.com/somali/articles/crg75qg6dg3o,haween,7,https://www.bbc.com/somali/topics/cxnykn5732gt?page=7,BBC Somali
https://www.bbc.com/somali/articles/c72g7djmkymo,haween,7,https://www.bbc.com/somali/topics/cxnykn5732gt?page=7,BBC Somali
https://www.bbc.com/somali/articles/cn4n3q4v1g9o,haween,7,https://www.bbc.com/somali/topics/cxnykn5732gt?page=7,BBC Somali
https://www.bbc.com/somali/articles/cv2ywexxz9yo,haween,7,https://www.bbc.com/somali/topics/cxnykn5732gt?page=7,BBC Somali
https://www.bbc.com/somali/articles/ck5w2875dlpo,haween,7,https://www.bbc.com/somali/topics/cxnykn5732gt?page=7,BBC Somali
https://www.bbc.com/somali/articles/c0w6dyx3x5ko,haween,7,https://www.bbc.com/somali/topics/cxnykn5732gt?page=7,BBC Somali
https://www.bbc.com/somali/articles/cjk6eek00gdo,haween,7,https://www.bbc.com/somali/topics/cxnykn5732gt?page=7,BBC Somali
https://www.bbc.com/somali/articles/cgrlr49qp02o,haween,7,https://www.bbc.com/somali/topics/cxnykn5732gt?page=7,BBC Somali
https://www.bbc.com/somali/articles/c9e8v4nvjy0o,haween,7,https://www.bbc.com/somali/topics/cxnykn5732gt?page=7,BBC Somali
https://www.bbc.com/somali/articles/cv28ee01v59o,haween,7,https://www.bbc.com/somali/topics/cxnykn5732gt?page=7,BBC Somali
https://www.bbc.com/somali/articles/cz9mvd2pgpgo,haween,7,https://www.bbc.com/somali/topics/cxnykn5732gt?page=7,BBC Somali
https://www.bbc.com/somali/articles/c3g5zev13r9o,haween,7,https://www.bbc.com/somali/topics/cxnykn5732gt?page=7,BBC Somali
https://www.bbc.com/somali/articles/c72yxjq7nggo,haween,7,https://www.bbc.com/somali/topics/cxnykn5732gt?page=7,BBC Somali
https://www.bbc.com/somali/articles/cyxz8gqzqyvo,haween,7,https://www.bbc.com/somali/topics/cxnykn5732gt?page=7,BBC Somali
https://www.bbc.com/somali/articles/cv204z0zyzyo,haween,7,https://www.bbc.com/somali/topics/cxnykn5732gt?page=7,BBC Somali
https://www.bbc.com/somali/articles/cw4k3ln348jo,haween,8,https://www.bbc.com/somali/topics/cxnykn5732gt?page=8,BBC Somali
https://www.bbc.com/somali/articles/crgpv8xe9jqo,haween,8,https://www.bbc.com/somali/topics/cxnykn5732gt?page=8,BBC Somali
https://www.bbc.com/somali/articles/cj5g2yn51n8o,haween,8,https://www.bbc.com/somali/topics/cxnykn5732gt?page=8,BBC Somali
https://www.bbc.com/somali/articles/c6pr1m75d3lo,haween,8,https://www.bbc.com/somali/topics/cxnykn5732gt?page=8,BBC Somali
https://www.bbc.com/somali/articles/c2v23z043wxo,haween,8,https://www.bbc.com/somali/topics/cxnykn5732gt?page=8,BBC Somali
https://www.bbc.com/somali/articles/c519wn4kge0o,haween,8,https://www.bbc.com/somali/topics/cxnykn5732gt?page=8,BBC Somali
https://www.bbc.com/somali/articles/c8v8md7geg8o,haween,8,https://www.bbc.com/somali/topics/cxnykn5732gt?page=8,BBC Somali
https://www.bbc.com/somali/articles/cpv6n31x9xko,haween,8,https://www.bbc.com/somali/topics/cxnykn5732gt?page=8,BBC Somali
https://www.bbc.com/somali/articles/c72dzywje93o,haween,8,https://www.bbc.com/somali/topics/cxnykn5732gt?page=8,BBC Somali
https://www.bbc.com/somali/articles/cd1pzrx1ypqo,haween,8,https://www.bbc.com/somali/topics/cxnykn5732gt?page=8,BBC Somali
https://www.bbc.com/somali/articles/cmjrv457pydo,haween,8,https://www.bbc.com/somali/topics/cxnykn5732gt?page=8,BBC Somali
https://www.bbc.com/somali/articles/cz42lljj40qo,haween,8,https://www.bbc.com/somali/topics/cxnykn5732gt?page=8,BBC Somali
https://www.bbc.com/somali/articles/c6pxveqzxxqo,haween,8,https://www.bbc.com/somali/topics/cxnykn5732gt?page=8,BBC Somali
https://www.bbc.com/somali/articles/cmjprkxl76go,haween,8,https://www.bbc.com/somali/topics/cxnykn5732gt?page=8,BBC Somali
https://www.bbc.com/somali/articles/c89w9e8pw7vo,haween,8,https://www.bbc.com/somali/topics/cxnykn5732gt?page=8,BBC Somali
https://www.bbc.com/somali/articles/cl504xd18nxo,haween,8,https://www.bbc.com/somali/topics/cxnykn5732gt?page=8,BBC Somali
https://www.bbc.com/somali/articles/c7255d1dll8o,haween,8,https://www.bbc.com/somali/topics/cxnykn5732gt?page=8,BBC Somali
https://www.bbc.com/somali/articles/c882v70jkglo,haween,8,https://www.bbc.com/somali/topics/cxnykn5732gt?page=8,BBC Somali
https://www.bbc.com/somali/articles/c90xq49yyv8o,haween,8,https://www.bbc.com/somali/topics/cxnykn5732gt?page=8,BBC Somali
https://www.bbc.com/somali/articles/c03yk5rpn41o,haween,8,https://www.bbc.com/somali/topics/cxnykn5732gt?page=8,BBC Somali
https://www.bbc.com/somali/articles/ce5jxypgmxro,haween,8,https://www.bbc.com/somali/topics/cxnykn5732gt?page=8,BBC Somali
https://www.bbc.com/somali/articles/c282r30mdj8o,haween,8,https://www.bbc.com/somali/topics/cxnykn5732gt?page=8,BBC Somali
https://www.bbc.com/somali/articles/cw5261rgrrwo,haween,8,https://www.bbc.com/somali/topics/cxnykn5732gt?page=8,BBC Somali
https://www.bbc.com/somali/articles/cy62plnng88o,haween,8,https://www.bbc.com/somali/topics/cxnykn5732gt?page=8,BBC Somali
https://www.bbc.com/somali/articles/cn48m2mv119o,haween,9,https://www.bbc.com/somali/topics/cxnykn5732gt?page=9,BBC Somali
https://www.bbc.com/somali/articles/c6p0ld7e0evo,haween,9,https://www.bbc.com/somali/topics/cxnykn5732gt?page=9,BBC Somali
https://www.bbc.com/somali/articles/clmvypenerjo,haween,9,https://www.bbc.com/somali/topics/cxnykn5732gt?page=9,BBC Somali
https://www.bbc.com/somali/articles/c0wxv34y06po,haween,9,https://www.bbc.com/somali/topics/cxnykn5732gt?page=9,BBC Somali
https://www.bbc.com/somali/articles/cpw5xwp001yo,haween,9,https://www.bbc.com/somali/topics/cxnykn5732gt?page=9,BBC Somali
https://www.bbc.com/somali/articles/crg4l47l4dlo,haween,9,https://www.bbc.com/somali/topics/cxnykn5732gt?page=9,BBC Somali
https://www.bbc.com/somali/articles/cjr0ql0l9rgo,haween,9,https://www.bbc.com/somali/topics/cxnykn5732gt?page=9,BBC Somali
https://www.bbc.com/somali/articles/cq580y9vnjgo,haween,9,https://www.bbc.com/somali/topics/cxnykn5732gt?page=9,BBC Somali
https://www.bbc.com/somali/articles/c4n81dw405xo,haween,9,https://www.bbc.com/somali/topics/cxnykn5732gt?page=9,BBC Somali
https://www.bbc.com/somali/articles/c14vrnxy5j9o,haween,9,https://www.bbc.com/somali/topics/cxnykn5732gt?page=9,BBC Somali
https://www.bbc.com/somali/articles/c6p6dvpdlp7o,haween,9,https://www.bbc.com/somali/topics/cxnykn5732gt?page=9,BBC Somali
https://www.bbc.com/somali/articles/c135z6edg51o,haween,9,https://www.bbc.com/somali/topics/cxnykn5732gt?page=9,BBC Somali
https://www.bbc.com/somali/articles/c3g9zp5rq3zo,haween,9,https://www.bbc.com/somali/topics/cxnykn5732gt?page=9,BBC Somali
https://www.bbc.com/somali/articles/c4n5xlyz9rpo,haween,9,https://www.bbc.com/somali/topics/cxnykn5732gt?page=9,BBC Somali
https://www.bbc.com/somali/articles/c89wv5q07vdo,haween,9,https://www.bbc.com/somali/topics/cxnykn5732gt?page=9,BBC Somali
https://www.bbc.com/somali/articles/cml84kgn4w8o,haween,9,https://www.bbc.com/somali/topics/cxnykn5732gt?page=9,BBC Somali
https://www.bbc.com/somali/articles/c0wx1z93n2vo,haween,9,https://www.bbc.com/somali/topics/cxnykn5732gt?page=9,BBC Somali
https://www.bbc.com/somali/articles/c4n2e73rg4po,haween,9,https://www.bbc.com/somali/topics/cxnykn5732gt?page=9,BBC Somali
https://www.bbc.com/somali/articles/c8v5djqjq55o,haween,9,https://www.bbc.com/somali/topics/cxnykn5732gt?page=9,BBC Somali
https://www.bbc.com/somali/articles/c725dxwzz2jo,haween,9,https://www.bbc.com/somali/topics/cxnykn5732gt?page=9,BBC Somali
https://www.bbc.com/somali/articles/cv2005lr4edo,haween,9,https://www.bbc.com/somali/topics/cxnykn5732gt?page=9,BBC Somali
https://www.bbc.com/somali/articles/cxw9pjzrd4ko,haween,9,https://www.bbc.com/somali/topics/cxnykn5732gt?page=9,BBC Somali
https://www.bbc.com/somali/articles/c2x423gpj3yo,haween,9,https://www.bbc.com/somali/topics/cxnykn5732gt?page=9,BBC Somali
https://www.bbc.com/somali/articles/ckrl7n0j8ezo,haween,9,https://www.bbc.com/somali/topics/cxnykn5732gt?page=9,BBC Somali
https://www.bbc.com/somali/articles/cx0w98p497lo,haween,10,https://www.bbc.com/somali/topics/cxnykn5732gt?page=10,BBC Somali
https://www.bbc.com/somali/articles/ce7e2nnn1gxo,haween,10,https://www.bbc.com/somali/topics/cxnykn5732gt?page=10,BBC Somali
https://www.bbc.com/somali/articles/c97p830pq4eo,haween,10,https://www.bbc.com/somali/topics/cxnykn5732gt?page=10,BBC Somali
https://www.bbc.com/somali/articles/cn4g6n44pq1o,haween,10,https://www.bbc.com/somali/topics/cxnykn5732gt?page=10,BBC Somali
https://www.bbc.com/somali/articles/cz94v26l5wwo,haween,10,https://www.bbc.com/somali/topics/cxnykn5732gt?page=10,BBC Somali
https://www.bbc.com/somali/articles/cll8n3l93pzo,haween,10,https://www.bbc.com/somali/topics/cxnykn5732gt?page=10,BBC Somali
https://www.bbc.com/somali/articles/cd10djjp5zxo,haween,10,https://www.bbc.com/somali/topics/cxnykn5732gt?page=10,BBC Somali
https://www.bbc.com/somali/articles/cl5ey7nnk39o,haween,10,https://www.bbc.com/somali/topics/cxnykn5732gt?page=10,BBC Somali
https://www.bbc.com/somali/articles/c4nwmp2y440o,haween,10,https://www.bbc.com/somali/topics/cxnykn5732gt?page=10,BBC Somali
https://www.bbc.com/somali/articles/c9ejp2jjd8xo,haween,10,https://www.bbc.com/somali/topics/cxnykn5732gt?page=10,BBC Somali
https://www.bbc.com/somali/articles/cx0wen3qylgo,haween,10,https://www.bbc.com/somali/topics/cxnykn5732gt?page=10,BBC Somali
https://www.bbc.com/somali/articles/cx90qvlgello,haween,10,https://www.bbc.com/somali/topics/cxnykn5732gt?page=10,BBC Somali
https://www.bbc.com/somali/articles/c0dkkx2ejw3o,haween,10,https://www.bbc.com/somali/topics/cxnykn5732gt?page=10,BBC Somali
https://www.bbc.com/somali/articles/cd1zp2yn2qjo,haween,10,https://www.bbc.com/somali/topics/cxnykn5732gt?page=10,BBC Somali
https://www.bbc.com/somali/articles/c0vr510dx15o,haween,10,https://www.bbc.com/somali/topics/cxnykn5732gt?page=10,BBC Somali
https://www.bbc.com/somali/articles/cyx971z5n00o,haween,10,https://www.bbc.com/somali/topics/cxnykn5732gt?page=10,BBC Somali
https://www.bbc.com/somali/articles/cw0kn2d3g6do,haween,10,https://www.bbc.com/somali/topics/cxnykn5732gt?page=10,BBC Somali
https://www.bbc.com/somali/articles/cy9qzkwdjp3o,haween,10,https://www.bbc.com/somali/topics/cxnykn5732gt?page=10,BBC Somali
https://www.bbc.com/somali/articles/cjmrmnnkj4vo,haween,10,https://www.bbc.com/somali/topics/cxnykn5732gt?page=10,BBC Somali
https://www.bbc.com/somali/articles/cw5615666dpo,haween,10,https://www.bbc.com/somali/topics/cxnykn5732gt?page=10,BBC Somali
https://www.bbc.com/somali/articles/czv1wgxzvnlo,haween,10,https://www.bbc.com/somali/topics/cxnykn5732gt?page=10,BBC Somali
https://www.bbc.com/somali/articles/cd144grp65yo,haween,10,https://www.bbc.com/somali/topics/cxnykn5732gt?page=10,BBC Somali
https://www.bbc.com/somali/articles/ce7ez3957e9o,haween,10,https://www.bbc.com/somali/topics/cxnykn5732gt?page=10,BBC Somali
https://www.bbc.com/somali/articles/cy6ylx0lx17o,haween,10,https://www.bbc.com/somali/topics/cxnykn5732gt?page=10,BBC Somali
https://www.bbc.com/somali/articles/cp6l811826jo,haween,11,https://www.bbc.com/somali/topics/cxnykn5732gt?page=11,BBC Somali
https://www.bbc.com/somali/articles/cxxj54pj30jo,haween,11,https://www.bbc.com/somali/topics/cxnykn5732gt?page=11,BBC Somali
https://www.bbc.com/somali/articles/cg3dpl879ngo,haween,11,https://www.bbc.com/somali/topics/cxnykn5732gt?page=11,BBC Somali
https://www.bbc.com/somali/articles/cv27de1k2ypo,haween,11,https://www.bbc.com/somali/topics/cxnykn5732gt?page=11,BBC Somali
https://www.bbc.com/somali/articles/cd1nyw10v7xo,haween,11,https://www.bbc.com/somali/topics/cxnykn5732gt?page=11,BBC Somali
https://www.bbc.com/somali/articles/cne0z31w3j1o,haween,11,https://www.bbc.com/somali/topics/cxnykn5732gt?page=11,BBC Somali
https://www.bbc.com/somali/articles/cd1neqyxz5eo,haween,11,https://www.bbc.com/somali/topics/cxnykn5732gt?page=11,BBC Somali
https://www.bbc.com/somali/articles/cv2em43dd0mo,haween,11,https://www.bbc.com/somali/topics/cxnykn5732gt?page=11,BBC Somali
https://www.bbc.com/somali/articles/cd12pdnj6pwo,haween,11,https://www.bbc.com/somali/topics/cxnykn5732gt?page=11,BBC Somali
https://www.bbc.com/somali/articles/ceqv7q9nd2xo,haween,11,https://www.bbc.com/somali/topics/cxnykn5732gt?page=11,BBC Somali
https://www.bbc.com/somali/articles/ckg2gm7gke2o,ciyaaro,1,https://www.bbc.com/somali/topics/cpzd4zj1pn2t?page=1,BBC Somali
https://www.bbc.com/somali/articles/c0k11ggrey8o,ciyaaro,1,https://www.bbc.com/somali/topics/cpzd4zj1pn2t?page=1,BBC Somali
https://www.bbc.com/somali/articles/c93wrpz27r2o,ciyaaro,1,https://www.bbc.com/somali/topics/cpzd4zj1pn2t?page=1,BBC Somali
https://www.bbc.com/somali/articles/clyg00y78kdo,ciyaaro,1,https://www.bbc.com/somali/topics/cpzd4zj1pn2t?page=1,BBC Somali
https://www.bbc.com/somali/articles/c5yvn0zp3qlo,ciyaaro,1,https://www.bbc.com/somali/topics/cpzd4zj1pn2t?page=1,BBC Somali
https://www.bbc.com/somali/articles/ce352e5qx4no,ciyaaro,1,https://www.bbc.com/somali/topics/cpzd4zj1pn2t?page=1,BBC Somali
https://www.bbc.com/somali/articles/cj4qgl8lk8eo,ciyaaro,1,https://www.bbc.com/somali/topics/cpzd4zj1pn2t?page=1,BBC Somali
https://www.bbc.com/somali/articles/ckg23jx0ypko,ciyaaro,1,https://www.bbc.com/somali/topics/cpzd4zj1pn2t?page=1,BBC Somali
https://www.bbc.com/somali/articles/cm2y4l3791qo,ciyaaro,1,https://www.bbc.com/somali/topics/cpzd4zj1pn2t?page=1,BBC Somali
https://www.bbc.com/somali/articles/c4g40ddvqzro,ciyaaro,1,https://www.bbc.com/somali/topics/cpzd4zj1pn2t?page=1,BBC Somali
https://www.bbc.com/somali/articles/cz0gym8yprlo,ciyaaro,1,https://www.bbc.com/somali/topics/cpzd4zj1pn2t?page=1,BBC Somali
https://www.bbc.com/somali/articles/c1jkzn10n0po,ciyaaro,1,https://www.bbc.com/somali/topics/cpzd4zj1pn2t?page=1,BBC Somali
https://www.bbc.com/somali/articles/czej5xlj3elo,ciyaaro,1,https://www.bbc.com/somali/topics/cpzd4zj1pn2t?page=1,BBC Somali
https://www.bbc.com/somali/articles/c98907y7gj4o,ciyaaro,1,https://www.bbc.com/somali/topics/cpzd4zj1pn2t?page=1,BBC Somali
https://www.bbc.com/somali/articles/cgqgjdyxq1do,ciyaaro,1,https://www.bbc.com/somali/topics/cpzd4zj1pn2t?page=1,BBC Somali
https://www.bbc.com/somali/articles/czr0m20renvo,ciyaaro,1,https://www.bbc.com/somali/topics/cpzd4zj1pn2t?page=1,BBC Somali
https://www.bbc.com/somali/articles/cj4qk9r1j99o,ciyaaro,1,https://www.bbc.com/somali/topics/cpzd4zj1pn2t?page=1,BBC Somali
https://www.bbc.com/somali/articles/c98m1vpeq0no,ciyaaro,1,https://www.bbc.com/somali/topics/cpzd4zj1pn2t?page=1,BBC Somali
https://www.bbc.com/somali/articles/cwy825xnw0lo,ciyaaro,1,https://www.bbc.com/somali/topics/cpzd4zj1pn2t?page=1,BBC Somali
https://www.bbc.com/somali/articles/c4g8e84ljgwo,ciyaaro,1,https://www.bbc.com/somali/topics/cpzd4zj1pn2t?page=1,BBC Somali
https://www.bbc.com/somali/articles/cqxdg4l47lyo,ciyaaro,1,https://www.bbc.com/somali/topics/cpzd4zj1pn2t?page=1,BBC Somali
https://www.bbc.com/somali/articles/cly0n5pm1p8o,ciyaaro,2,https://www.bbc.com/somali/topics/cpzd4zj1pn2t?page=2,BBC Somali
https://www.bbc.com/somali/articles/cn8e2vxvr4yo,ciyaaro,2,https://www.bbc.com/somali/topics/cpzd4zj1pn2t?page=2,BBC Somali
https://www.bbc.com/somali/articles/c78ve1vxr07o,ciyaaro,2,https://www.bbc.com/somali/topics/cpzd4zj1pn2t?page=2,BBC Somali
https://www.bbc.com/somali/articles/cvg1rk4xl7eo,ciyaaro,2,https://www.bbc.com/somali/topics/cpzd4zj1pn2t?page=2,BBC Somali
https://www.bbc.com/somali/articles/c3dnk48m50ro,ciyaaro,2,https://www.bbc.com/somali/topics/cpzd4zj1pn2t?page=2,BBC Somali
https://www.bbc.com/somali/articles/c93xxy53rkeo,ciyaaro,2,https://www.bbc.com/somali/topics/cpzd4zj1pn2t?page=2,BBC Somali
https://www.bbc.com/somali/articles/c98np5j70wro,ciyaaro,2,https://www.bbc.com/somali/topics/cpzd4zj1pn2t?page=2,BBC Somali
https://www.bbc.com/somali/articles/cz94347nq21o,ciyaaro,2,https://www.bbc.com/somali/topics/cpzd4zj1pn2t?page=2,BBC Somali
https://www.bbc.com/somali/articles/cn411w1ywyyo,ciyaaro,2,https://www.bbc.com/somali/topics/cpzd4zj1pn2t?page=2,BBC Somali
https://www.bbc.com/somali/articles/cn4d38nkmpko,ciyaaro,2,https://www.bbc.com/somali/topics/cpzd4zj1pn2t?page=2,BBC Somali
https://www.bbc.com/somali/articles/cdx4vz4p8v5o,ciyaaro,2,https://www.bbc.com/somali/topics/cpzd4zj1pn2t?page=2,BBC Somali
https://www.bbc.com/somali/articles/cq8e311qdyzo,ciyaaro,2,https://www.bbc.com/somali/topics/cpzd4zj1pn2t?page=2,BBC Somali
https://www.bbc.com/somali/articles/c4g9pggn5vdo,ciyaaro,2,https://www.bbc.com/somali/topics/cpzd4zj1pn2t?page=2,BBC Somali
https://www.bbc.com/somali/articles/c9q1qvw3pv4o,ciyaaro,2,https://www.bbc.com/somali/topics/cpzd4zj1pn2t?page=2,BBC Somali
https://www.bbc.com/somali/articles/c8e9d07z9dgo,ciyaaro,2,https://www.bbc.com/somali/topics/cpzd4zj1pn2t?page=2,BBC Somali
https://www.bbc.com/somali/articles/c9vj1zldxzzo,ciyaaro,2,https://www.bbc.com/somali/topics/cpzd4zj1pn2t?page=2,BBC Somali
https://www.bbc.com/somali/articles/cvgrzv8k7rdo,ciyaaro,2,https://www.bbc.com/somali/topics/cpzd4zj1pn2t?page=2,BBC Somali
https://www.bbc.com/somali/articles/cr7l9ken48vo,ciyaaro,2,https://www.bbc.com/somali/topics/cpzd4zj1pn2t?page=2,BBC Somali
https://www.bbc.com/somali/articles/cwypnyjk9zro,ciyaaro,2,https://www.bbc.com/somali/topics/cpzd4zj1pn2t?page=2,BBC Somali
https://www.bbc.com/somali/articles/cy50yrk6yypo,ciyaaro,3,https://www.bbc.com/somali/topics/cpzd4zj1pn2t?page=3,BBC Somali
https://www.bbc.com/somali/articles/c4g70v411r6o,ciyaaro,3,https://www.bbc.com/somali/topics/cpzd4zj1pn2t?page=3,BBC Somali
https://www.bbc.com/somali/articles/c9d04q8llyvo,ciyaaro,3,https://www.bbc.com/somali/topics/cpzd4zj1pn2t?page=3,BBC Somali
https://www.bbc.com/somali/articles/c9d062290yqo,ciyaaro,3,https://www.bbc.com/somali/topics/cpzd4zj1pn2t?page=3,BBC Somali
https://www.bbc.com/somali/articles/c74w0wvrenlo,ciyaaro,3,https://www.bbc.com/somali/topics/cpzd4zj1pn2t?page=3,BBC Somali
https://www.bbc.com/somali/articles/c5y775e4w3ro,ciyaaro,3,https://www.bbc.com/somali/topics/cpzd4zj1pn2t?page=3,BBC Somali
https://www.bbc.com/somali/articles/c2lxezkzv0wo,ciyaaro,3,https://www.bbc.com/somali/topics/cpzd4zj1pn2t?page=3,BBC Somali
https://www.bbc.com/somali/articles/c74373e7491o,ciyaaro,3,https://www.bbc.com/somali/topics/cpzd4zj1pn2t?page=3,BBC Somali
https://www.bbc.com/somali/articles/cy0kkpj4779o,ciyaaro,3,https://www.bbc.com/somali/topics/cpzd4zj1pn2t?page=3,BBC Somali
https://www.bbc.com/somali/articles/cd627d4jn61o,ciyaaro,3,https://www.bbc.com/somali/topics/cpzd4zj1pn2t?page=3,BBC Somali
https://www.bbc.com/somali/articles/c9915ml951jo,ciyaaro,3,https://www.bbc.com/somali/topics/cpzd4zj1pn2t?page=3,BBC Somali
https://www.bbc.com/somali/articles/c4gjrpxn30zo,ciyaaro,3,https://www.bbc.com/somali/topics/cpzd4zj1pn2t?page=3,BBC Somali
https://www.bbc.com/somali/articles/cvgve2dxn8do,ciyaaro,3,https://www.bbc.com/somali/topics/cpzd4zj1pn2t?page=3,BBC Somali
https://www.bbc.com/somali/articles/c20w9q0l3pxo,ciyaaro,3,https://www.bbc.com/somali/topics/cpzd4zj1pn2t?page=3,BBC Somali
https://www.bbc.com/somali/articles/c4g2pz2q8dxo,ciyaaro,3,https://www.bbc.com/somali/topics/cpzd4zj1pn2t?page=3,BBC Somali
https://www.bbc.com/somali/articles/cm2vm2nnzm2o,ciyaaro,3,https://www.bbc.com/somali/topics/cpzd4zj1pn2t?page=3,BBC Somali
https://www.bbc.com/somali/articles/cd0l7xx15meo,ciyaaro,3,https://www.bbc.com/somali/topics/cpzd4zj1pn2t?page=3,BBC Somali
https://www.bbc.com/somali/articles/cg5vlvl7gq4o,ciyaaro,3,https://www.bbc.com/somali/topics/cpzd4zj1pn2t?page=3,BBC Somali
https://www.bbc.com/somali/articles/cz071g87mdvo,ciyaaro,4,https://www.bbc.com/somali/topics/cpzd4zj1pn2t?page=4,BBC Somali
https://www.bbc.com/somali/articles/c7200lk4yn6o,ciyaaro,4,https://www.bbc.com/somali/topics/cpzd4zj1pn2t?page=4,BBC Somali
https://www.bbc.com/somali/articles/c20lpvkx28no,ciyaaro,4,https://www.bbc.com/somali/topics/cpzd4zj1pn2t?page=4,BBC Somali
https://www.bbc.com/somali/articles/cvg587zy4l5o,ciyaaro,4,https://www.bbc.com/somali/topics/cpzd4zj1pn2t?page=4,BBC Somali
https://www.bbc.com/somali/articles/c5yr1d7vjyxo,ciyaaro,4,https://www.bbc.com/somali/topics/cpzd4zj1pn2t?page=4,BBC Somali
https://www.bbc.com/somali/articles/cz7jdr9q891o,ciyaaro,4,https://www.bbc.com/somali/topics/cpzd4zj1pn2t?page=4,BBC Somali
https://www.bbc.com/somali/articles/c1m0j988xj8o,ciyaaro,4,https://www.bbc.com/somali/topics/cpzd4zj1pn2t?page=4,BBC Somali
https://www.bbc.com/somali/articles/cp83zg2e683o,ciyaaro,4,https://www.bbc.com/somali/topics/cpzd4zj1pn2t?page=4,BBC Somali
https://www.bbc.com/somali/articles/cevww1r012eo,ciyaaro,4,https://www.bbc.com/somali/topics/cpzd4zj1pn2t?page=4,BBC Somali
https://www.bbc.com/somali/articles/c70er0lkz15o,ciyaaro,4,https://www.bbc.com/somali/topics/cpzd4zj1pn2t?page=4,BBC Somali
https://www.bbc.com/somali/articles/cp83yy1j89no,ciyaaro,4,https://www.bbc.com/somali/topics/cpzd4zj1pn2t?page=4,BBC Somali
https://www.bbc.com/somali/articles/c5y3x0zlv7vo,ciyaaro,4,https://www.bbc.com/somali/topics/cpzd4zj1pn2t?page=4,BBC Somali
https://www.bbc.com/somali/articles/cly38g7jz8go,ciyaaro,4,https://www.bbc.com/somali/topics/cpzd4zj1pn2t?page=4,BBC Somali
https://www.bbc.com/somali/articles/cm272n41d09o,ciyaaro,4,https://www.bbc.com/somali/topics/cpzd4zj1pn2t?page=4,BBC Somali
https://www.bbc.com/somali/articles/c4gxglzgvryo,ciyaaro,4,https://www.bbc.com/somali/topics/cpzd4zj1pn2t?page=4,BBC Somali
https://www.bbc.com/somali/articles/cx2gw6zekzpo,ciyaaro,4,https://www.bbc.com/somali/topics/cpzd4zj1pn2t?page=4,BBC Somali
https://www.bbc.com/somali/articles/cjd5kke3l9zo,ciyaaro,4,https://www.bbc.com/somali/topics/cpzd4zj1pn2t?page=4,BBC Somali
https://www.bbc.com/somali/articles/cdxyqn7gv61o,ciyaaro,4,https://www.bbc.com/somali/topics/cpzd4zj1pn2t?page=4,BBC Somali
https://www.bbc.com/somali/articles/c789x9nwje5o,ciyaaro,4,https://www.bbc.com/somali/topics/cpzd4zj1pn2t?page=4,BBC Somali
https://www.bbc.com/somali/articles/cn9xjrpjpwdo,ciyaaro,4,https://www.bbc.com/somali/topics/cpzd4zj1pn2t?page=4,BBC Somali
https://www.bbc.com/somali/articles/cn8xnznv4dko,ciyaaro,4,https://www.bbc.com/somali/topics/cpzd4zj1pn2t?page=4,BBC Somali
https://www.bbc.com/somali/articles/c4nn3nl7dp6o,ciyaaro,5,https://www.bbc.com/somali/topics/cpzd4zj1pn2t?page=5,BBC Somali
https://www.bbc.com/somali/articles/cw4rnm9vl09o,ciyaaro,5,https://www.bbc.com/somali/topics/cpzd4zj1pn2t?page=5,BBC Somali
https://www.bbc.com/somali/articles/cd172l1mxgko,ciyaaro,5,https://www.bbc.com/somali/topics/cpzd4zj1pn2t?page=5,BBC Somali
https://www.bbc.com/somali/articles/cp38yg2ez0xo,ciyaaro,5,https://www.bbc.com/somali/topics/cpzd4zj1pn2t?page=5,BBC Somali
https://www.bbc.com/somali/articles/c3g0v7nn3rzo,ciyaaro,5,https://www.bbc.com/somali/topics/cpzd4zj1pn2t?page=5,BBC Somali
https://www.bbc.com/somali/articles/cjr4vl7l901o,ciyaaro,5,https://www.bbc.com/somali/topics/cpzd4zj1pn2t?page=5,BBC Somali
https://www.bbc.com/somali/articles/cldd4e5e4qyo,ciyaaro,5,https://www.bbc.com/somali/topics/cpzd4zj1pn2t?page=5,BBC Somali
https://www.bbc.com/somali/articles/cy95029ezv1o,ciyaaro,5,https://www.bbc.com/somali/topics/cpzd4zj1pn2t?page=5,BBC Somali
https://www.bbc.com/somali/articles/cw59e77vpv5o,ciyaaro,5,https://www.bbc.com/somali/topics/cpzd4zj1pn2t?page=5,BBC Somali
https://www.bbc.com/somali/articles/c72p7p7360xo,ciyaaro,5,https://www.bbc.com/somali/topics/cpzd4zj1pn2t?page=5,BBC Somali
https://www.bbc.com/somali/articles/c134jl5n3rpo,ciyaaro,5,https://www.bbc.com/somali/topics/cpzd4zj1pn2t?page=5,BBC Somali
https://www.bbc.com/somali/articles/cl4xd04z54jo,ciyaaro,5,https://www.bbc.com/somali/topics/cpzd4zj1pn2t?page=5,BBC Somali
https://www.bbc.com/somali/articles/cx03x7vxnvwo,ciyaaro,5,https://www.bbc.com/somali/topics/cpzd4zj1pn2t?page=5,BBC Somali
https://www.bbc.com/somali/articles/c722n1yn939o,ciyaaro,5,https://www.bbc.com/somali/topics/cpzd4zj1pn2t?page=5,BBC Somali
https://www.bbc.com/somali/articles/c06kz2p6p2do,ciyaaro,5,https://www.bbc.com/somali/topics/cpzd4zj1pn2t?page=5,BBC Somali
https://www.bbc.com/somali/articles/c0wwwl7l3e3o,ciyaaro,5,https://www.bbc.com/somali/topics/cpzd4zj1pn2t?page=5,BBC Somali
https://www.bbc.com/somali/articles/cp07z0qd5rro,ciyaaro,5,https://www.bbc.com/somali/topics/cpzd4zj1pn2t?page=5,BBC Somali
https://www.bbc.com/somali/articles/cglm4gz4nvmo,ciyaaro,5,https://www.bbc.com/somali/topics/cpzd4zj1pn2t?page=5,BBC Somali
https://www.bbc.com/somali/articles/cd102z01kr5o,ciyaaro,5,https://www.bbc.com/somali/topics/cpzd4zj1pn2t?page=5,BBC Somali
https://www.bbc.com/somali/articles/c0kxz45ww84o,ciyaaro,6,https://www.bbc.com/somali/topics/cpzd4zj1pn2t?page=6,BBC Somali
https://www.bbc.com/somali/articles/czkjdvvvg1ro,ciyaaro,6,https://www.bbc.com/somali/topics/cpzd4zj1pn2t?page=6,BBC Somali
https://www.bbc.com/somali/articles/c4nymdlyve5o,ciyaaro,6,https://www.bbc.com/somali/topics/cpzd4zj1pn2t?page=6,BBC Somali
https://www.bbc.com/somali/articles/c2e8n07p6y9o,ciyaaro,6,https://www.bbc.com/somali/topics/cpzd4zj1pn2t?page=6,BBC Somali
https://www.bbc.com/somali/articles/cn3kn404z7lo,ciyaaro,6,https://www.bbc.com/somali/topics/cpzd4zj1pn2t?page=6,BBC Somali
https://www.bbc.com/somali/articles/c51zwv6w7xlo,ciyaaro,6,https://www.bbc.com/somali/topics/cpzd4zj1pn2t?page=6,BBC Somali
https://www.bbc.com/somali/articles/cn0dy53xn5do,ciyaaro,6,https://www.bbc.com/somali/topics/cpzd4zj1pn2t?page=6,BBC Somali
https://www.bbc.com/somali/articles/cm5glel1l4po,ciyaaro,6,https://www.bbc.com/somali/topics/cpzd4zj1pn2t?page=6,BBC Somali
https://www.bbc.com/somali/articles/c2x84my8l36o,ciyaaro,6,https://www.bbc.com/somali/topics/cpzd4zj1pn2t?page=6,BBC Somali
https://www.bbc.com/somali/articles/ckv0xxjg055o,ciyaaro,6,https://www.bbc.com/somali/topics/cpzd4zj1pn2t?page=6,BBC Somali
https://www.bbc.com/somali/articles/cpdpzl4e8rvo,ciyaaro,6,https://www.bbc.com/somali/topics/cpzd4zj1pn2t?page=6,BBC Somali
https://www.bbc.com/somali/articles/c0d2nyz8dmko,ciyaaro,6,https://www.bbc.com/somali/topics/cpzd4zj1pn2t?page=6,BBC Somali
https://www.bbc.com/somali/articles/cyxdxv8kydqo,ciyaaro,6,https://www.bbc.com/somali/topics/cpzd4zj1pn2t?page=6,BBC Somali
https://www.bbc.com/somali/articles/c25q3d8z20xo,ciyaaro,6,https://www.bbc.com/somali/topics/cpzd4zj1pn2t?page=6,BBC Somali
https://www.bbc.com/somali/articles/c4n3md41qzno,ciyaaro,6,https://www.bbc.com/somali/topics/cpzd4zj1pn2t?page=6,BBC Somali
https://www.bbc.com/somali/articles/c28yr28kz3po,ciyaaro,6,https://www.bbc.com/somali/topics/cpzd4zj1pn2t?page=6,BBC Somali
https://www.bbc.com/somali/articles/c98d1x85e2lo,ciyaaro,6,https://www.bbc.com/somali/topics/cpzd4zj1pn2t?page=6,BBC Somali
https://www.bbc.com/somali/articles/c72yd9dy5wpo,ciyaaro,6,https://www.bbc.com/somali/topics/cpzd4zj1pn2t?page=6,BBC Somali
https://www.bbc.com/somali/articles/cgxp0ekqyljo,ciyaaro,6,https://www.bbc.com/somali/topics/cpzd4zj1pn2t?page=6,BBC Somali
https://www.bbc.com/somali/articles/c51vg0k4x5ko,ciyaaro,6,https://www.bbc.com/somali/topics/cpzd4zj1pn2t?page=6,BBC Somali
https://www.bbc.com/somali/articles/cw5wey3zx04o,ciyaaro,6,https://www.bbc.com/somali/topics/cpzd4zj1pn2t?page=6,BBC Somali
https://www.bbc.com/somali/articles/cx81z2yqvqyo,ciyaaro,6,https://www.bbc.com/somali/topics/cpzd4zj1pn2t?page=6,BBC Somali
https://www.bbc.com/somali/articles/c14z2pvgqero,ciyaaro,7,https://www.bbc.com/somali/topics/cpzd4zj1pn2t?page=7,BBC Somali
https://www.bbc.com/somali/articles/c3g9q2rmnydo,ciyaaro,7,https://www.bbc.com/somali/topics/cpzd4zj1pn2t?page=7,BBC Somali
https://www.bbc.com/somali/articles/cye3kknygn1o,ciyaaro,7,https://www.bbc.com/somali/topics/cpzd4zj1pn2t?page=7,BBC Somali
https://www.bbc.com/somali/articles/cmmyg681qrro,ciyaaro,7,https://www.bbc.com/somali/topics/cpzd4zj1pn2t?page=7,BBC Somali
https://www.bbc.com/somali/articles/c72lnlek6j8o,ciyaaro,7,https://www.bbc.com/somali/topics/cpzd4zj1pn2t?page=7,BBC Somali
https://www.bbc.com/somali/articles/cp98k9mn1rdo,ciyaaro,7,https://www.bbc.com/somali/topics/cpzd4zj1pn2t?page=7,BBC Somali
https://www.bbc.com/somali/articles/c0w35q4pd4zo,ciyaaro,7,https://www.bbc.com/somali/topics/cpzd4zj1pn2t?page=7,BBC Somali
https://www.bbc.com/somali/articles/cd13vplz2zjo,ciyaaro,7,https://www.bbc.com/somali/topics/cpzd4zj1pn2t?page=7,BBC Somali
https://www.bbc.com/somali/articles/cq59pxvnwrqo,ciyaaro,7,https://www.bbc.com/somali/topics/cpzd4zj1pn2t?page=7,BBC Somali
https://www.bbc.com/somali/articles/czdqjj5322yo,ciyaaro,7,https://www.bbc.com/somali/topics/cpzd4zj1pn2t?page=7,BBC Somali
https://www.bbc.com/somali/articles/c0xvj1dgvd0o,ciyaaro,7,https://www.bbc.com/somali/topics/cpzd4zj1pn2t?page=7,BBC Somali
https://www.bbc.com/somali/articles/ckv11qq21nko,ciyaaro,7,https://www.bbc.com/somali/topics/cpzd4zj1pn2t?page=7,BBC Somali
https://www.bbc.com/somali/articles/cn0z03glqp3o,ciyaaro,7,https://www.bbc.com/somali/topics/cpzd4zj1pn2t?page=7,BBC Somali
https://www.bbc.com/somali/articles/ce52088m5lro,ciyaaro,7,https://www.bbc.com/somali/topics/cpzd4zj1pn2t?page=7,BBC Somali
https://www.bbc.com/somali/articles/crgr5gvyny7o,ciyaaro,7,https://www.bbc.com/somali/topics/cpzd4zj1pn2t?page=7,BBC Somali
https://www.bbc.com/somali/articles/cw0nz0verkno,ciyaaro,7,https://www.bbc.com/somali/topics/cpzd4zj1pn2t?page=7,BBC Somali
https://www.bbc.com/somali/articles/cw8192p2vpno,ciyaaro,7,https://www.bbc.com/somali/topics/cpzd4zj1pn2t?page=7,BBC Somali
https://www.bbc.com/somali/articles/c51576dv75yo,ciyaaro,7,https://www.bbc.com/somali/topics/cpzd4zj1pn2t?page=7,BBC Somali
https://www.bbc.com/somali/articles/cp025r7l420o,ciyaaro,7,https://www.bbc.com/somali/topics/cpzd4zj1pn2t?page=7,BBC Somali
https://www.bbc.com/somali/articles/cd14l07d3kro,ciyaaro,7,https://www.bbc.com/somali/topics/cpzd4zj1pn2t?page=7,BBC Somali
https://www.bbc.com/somali/articles/cd1ygdklezgo,ciyaaro,8,https://www.bbc.com/somali/topics/cpzd4zj1pn2t?page=8,BBC Somali
https://www.bbc.com/somali/articles/c4n6n5gr8wro,ciyaaro,8,https://www.bbc.com/somali/topics/cpzd4zj1pn2t?page=8,BBC Somali
https://www.bbc.com/somali/articles/c2x660d1llxo,ciyaaro,8,https://www.bbc.com/somali/topics/cpzd4zj1pn2t?page=8,BBC Somali
https://www.bbc.com/somali/articles/cxw08dj9nmvo,ciyaaro,8,https://www.bbc.com/somali/topics/cpzd4zj1pn2t?page=8,BBC Somali
https://www.bbc.com/somali/articles/c0jg4yq394lo,ciyaaro,8,https://www.bbc.com/somali/topics/cpzd4zj1pn2t?page=8,BBC Somali
https://www.bbc.com/somali/articles/c3g47g3ypldo,ciyaaro,8,https://www.bbc.com/somali/topics/cpzd4zj1pn2t?page=8,BBC Somali
https://www.bbc.com/somali/articles/c3geze9nqrno,ciyaaro,8,https://www.bbc.com/somali/topics/cpzd4zj1pn2t?page=8,BBC Somali
https://www.bbc.com/somali/articles/c5101vxlexno,ciyaaro,8,https://www.bbc.com/somali/topics/cpzd4zj1pn2t?page=8,BBC Somali
https://www.bbc.com/somali/articles/cgrzley8e66o,ciyaaro,8,https://www.bbc.com/somali/topics/cpzd4zj1pn2t?page=8,BBC Somali
https://www.bbc.com/somali/articles/cp0vgn3mgv1o,ciyaaro,8,https://www.bbc.com/somali/topics/cpzd4zj1pn2t?page=8,BBC Somali
https://www.bbc.com/somali/articles/cx7q8jewgwgo,ciyaaro,8,https://www.bbc.com/somali/topics/cpzd4zj1pn2t?page=8,BBC Somali
https://www.bbc.com/somali/articles/cjelrw7pe8vo,ciyaaro,8,https://www.bbc.com/somali/topics/cpzd4zj1pn2t?page=8,BBC Somali
https://www.bbc.com/somali/articles/cmjelvxy2mgo,ciyaaro,8,https://www.bbc.com/somali/topics/cpzd4zj1pn2t?page=8,BBC Somali
https://www.bbc.com/somali/articles/c9804pzvdwwo,ciyaaro,8,https://www.bbc.com/somali/topics/cpzd4zj1pn2t?page=8,BBC Somali
https://www.bbc.com/somali/articles/cq5vd80e79ro,ciyaaro,8,https://www.bbc.com/somali/topics/cpzd4zj1pn2t?page=8,BBC Somali
https://www.bbc.com/somali/articles/crgzxyrv1lxo,ciyaaro,8,https://www.bbc.com/somali/topics/cpzd4zj1pn2t?page=8,BBC Somali
https://www.bbc.com/somali/articles/c19lmd3n411o,ciyaaro,8,https://www.bbc.com/somali/topics/cpzd4zj1pn2t?page=8,BBC Somali
https://www.bbc.com/somali/articles/cek28e2mvp0o,ciyaaro,8,https://www.bbc.com/somali/topics/cpzd4zj1pn2t?page=8,BBC Somali
https://www.bbc.com/somali/articles/ce7ge71l4k2o,ciyaaro,8,https://www.bbc.com/somali/topics/cpzd4zj1pn2t?page=8,BBC Somali
https://www.bbc.com/somali/articles/cg7ejn4gx07o,saynis_iyo_caafimaad,1,https://www.bbc.com/somali/topics/c2dr4lek2r9t?page=1,BBC Somali
https://www.bbc.com/somali/articles/c705rww15e3o,saynis_iyo_caafimaad,1,https://www.bbc.com/somali/topics/c2dr4lek2r9t?page=1,BBC Somali
https://www.bbc.com/somali/articles/cly2y5kg3r0o,saynis_iyo_caafimaad,1,https://www.bbc.com/somali/topics/c2dr4lek2r9t?page=1,BBC Somali
https://www.bbc.com/somali/articles/c0lj6935l68o,saynis_iyo_caafimaad,1,https://www.bbc.com/somali/topics/c2dr4lek2r9t?page=1,BBC Somali
https://www.bbc.com/somali/articles/cg5n002r7l0o,saynis_iyo_caafimaad,1,https://www.bbc.com/somali/topics/c2dr4lek2r9t?page=1,BBC Somali
https://www.bbc.com/somali/articles/clyg773de5ro,saynis_iyo_caafimaad,1,https://www.bbc.com/somali/topics/c2dr4lek2r9t?page=1,BBC Somali
https://www.bbc.com/somali/articles/cn78kzz5g13o,saynis_iyo_caafimaad,1,https://www.bbc.com/somali/topics/c2dr4lek2r9t?page=1,BBC Somali
https://www.bbc.com/somali/articles/cz90yxlyn9ko,saynis_iyo_caafimaad,1,https://www.bbc.com/somali/topics/c2dr4lek2r9t?page=1,BBC Somali
https://www.bbc.com/somali/articles/c8eg1jw7j4xo,saynis_iyo_caafimaad,1,https://www.bbc.com/somali/topics/c2dr4lek2r9t?page=1,BBC Somali
https://www.bbc.com/somali/articles/c624v76px7po,saynis_iyo_caafimaad,1,https://www.bbc.com/somali/topics/c2dr4lek2r9t?page=1,BBC Somali
https://www.bbc.com/somali/articles/cvg1gn21dz7o,saynis_iyo_caafimaad,1,https://www.bbc.com/somali/topics/c2dr4lek2r9t?page=1,BBC Somali
https://www.bbc.com/somali/articles/c07jv84rmkzo,saynis_iyo_caafimaad,1,https://www.bbc.com/somali/topics/c2dr4lek2r9t?page=1,BBC Somali
https://www.bbc.com/somali/articles/ce3g45zkq60o,saynis_iyo_caafimaad,1,https://www.bbc.com/somali/topics/c2dr4lek2r9t?page=1,BBC Somali
https://www.bbc.com/somali/articles/cg7e42mzdjgo,saynis_iyo_caafimaad,1,https://www.bbc.com/somali/topics/c2dr4lek2r9t?page=1,BBC Somali
https://www.bbc.com/somali/articles/c33j2mn4y74o,saynis_iyo_caafimaad,1,https://www.bbc.com/somali/topics/c2dr4lek2r9t?page=1,BBC Somali
https://www.bbc.com/somali/articles/cvgj9797vw7o,saynis_iyo_caafimaad,1,https://www.bbc.com/somali/topics/c2dr4lek2r9t?page=1,BBC Somali
https://www.bbc.com/somali/articles/crrxv2q9z0yo,saynis_iyo_caafimaad,1,https://www.bbc.com/somali/topics/c2dr4lek2r9t?page=1,BBC Somali
https://www.bbc.com/somali/articles/c9wneegxqw4o,saynis_iyo_caafimaad,1,https://www.bbc.com/somali/topics/c2dr4lek2r9t?page=1,BBC Somali
https://www.bbc.com/somali/articles/c14m7j4den8o,saynis_iyo_caafimaad,1,https://www.bbc.com/somali/topics/c2dr4lek2r9t?page=1,BBC Somali
https://www.bbc.com/somali/articles/c8dl69nv7ydo,saynis_iyo_caafimaad,1,https://www.bbc.com/somali/topics/c2dr4lek2r9t?page=1,BBC Somali
https://www.bbc.com/somali/articles/c5yv6q6x54jo,saynis_iyo_caafimaad,2,https://www.bbc.com/somali/topics/c2dr4lek2r9t?page=2,BBC Somali
https://www.bbc.com/somali/articles/c9dn15d0v4no,saynis_iyo_caafimaad,2,https://www.bbc.com/somali/topics/c2dr4lek2r9t?page=2,BBC Somali
https://www.bbc.com/somali/articles/cg4enqvkkxvo,saynis_iyo_caafimaad,2,https://www.bbc.com/somali/topics/c2dr4lek2r9t?page=2,BBC Somali
https://www.bbc.com/somali/articles/cpd8v98v9exo,saynis_iyo_caafimaad,2,https://www.bbc.com/somali/topics/c2dr4lek2r9t?page=2,BBC Somali
https://www.bbc.com/somali/articles/cn7kk7x3z18o,saynis_iyo_caafimaad,2,https://www.bbc.com/somali/topics/c2dr4lek2r9t?page=2,BBC Somali
https://www.bbc.com/somali/articles/c5ygr9ylpreo,saynis_iyo_caafimaad,2,https://www.bbc.com/somali/topics/c2dr4lek2r9t?page=2,BBC Somali
https://www.bbc.com/somali/articles/ceqzz9023edo,saynis_iyo_caafimaad,2,https://www.bbc.com/somali/topics/c2dr4lek2r9t?page=2,BBC Somali
https://www.bbc.com/somali/articles/cy4qzlq4j9no,saynis_iyo_caafimaad,2,https://www.bbc.com/somali/topics/c2dr4lek2r9t?page=2,BBC Somali
https://www.bbc.com/somali/articles/cn40zrk2wg2o,saynis_iyo_caafimaad,2,https://www.bbc.com/somali/topics/c2dr4lek2r9t?page=2,BBC Somali
https://www.bbc.com/somali/articles/cy03krz7ypgo,saynis_iyo_caafimaad,2,https://www.bbc.com/somali/topics/c2dr4lek2r9t?page=2,BBC Somali
https://www.bbc.com/somali/articles/cvg1kx7zg1po,saynis_iyo_caafimaad,2,https://www.bbc.com/somali/topics/c2dr4lek2r9t?page=2,BBC Somali
https://www.bbc.com/somali/articles/crl43pr82xzo,saynis_iyo_caafimaad,2,https://www.bbc.com/somali/topics/c2dr4lek2r9t?page=2,BBC Somali
https://www.bbc.com/somali/articles/cgjw24gyvvpo,saynis_iyo_caafimaad,2,https://www.bbc.com/somali/topics/c2dr4lek2r9t?page=2,BBC Somali
https://www.bbc.com/somali/articles/cr45n5kk79no,saynis_iyo_caafimaad,2,https://www.bbc.com/somali/topics/c2dr4lek2r9t?page=2,BBC Somali
https://www.bbc.com/somali/articles/c24d104pe8jo,saynis_iyo_caafimaad,2,https://www.bbc.com/somali/topics/c2dr4lek2r9t?page=2,BBC Somali
https://www.bbc.com/somali/articles/cp37yywg4eno,saynis_iyo_caafimaad,2,https://www.bbc.com/somali/topics/c2dr4lek2r9t?page=2,BBC Somali
https://www.bbc.com/somali/articles/c875p87dl3vo,saynis_iyo_caafimaad,2,https://www.bbc.com/somali/topics/c2dr4lek2r9t?page=2,BBC Somali
https://www.bbc.com/somali/articles/c4g0wevw9vqo,saynis_iyo_caafimaad,2,https://www.bbc.com/somali/topics/c2dr4lek2r9t?page=2,BBC Somali
https://www.bbc.com/somali/articles/c5y28nz4v8ko,saynis_iyo_caafimaad,2,https://www.bbc.com/somali/topics/c2dr4lek2r9t?page=2,BBC Somali
https://www.bbc.com/somali/articles/c78jlx8dl78o,saynis_iyo_caafimaad,2,https://www.bbc.com/somali/topics/c2dr4lek2r9t?page=2,BBC Somali
https://www.bbc.com/somali/articles/cy59zn7w0zno,saynis_iyo_caafimaad,2,https://www.bbc.com/somali/topics/c2dr4lek2r9t?page=2,BBC Somali
https://www.bbc.com/somali/articles/cd0k3gn221xo,saynis_iyo_caafimaad,3,https://www.bbc.com/somali/topics/c2dr4lek2r9t?page=3,BBC Somali
https://www.bbc.com/somali/articles/cde6rx1w312o,saynis_iyo_caafimaad,3,https://www.bbc.com/somali/topics/c2dr4lek2r9t?page=3,BBC Somali
https://www.bbc.com/somali/articles/cd0kee8443ro,saynis_iyo_caafimaad,3,https://www.bbc.com/somali/topics/c2dr4lek2r9t?page=3,BBC Somali
https://www.bbc.com/somali/articles/c30v56q5886o,saynis_iyo_caafimaad,3,https://www.bbc.com/somali/topics/c2dr4lek2r9t?page=3,BBC Somali
https://www.bbc.com/somali/articles/c7097lr7jd1o,saynis_iyo_caafimaad,3,https://www.bbc.com/somali/topics/c2dr4lek2r9t?page=3,BBC Somali
https://www.bbc.com/somali/articles/c9w71zlx85qo,saynis_iyo_caafimaad,3,https://www.bbc.com/somali/topics/c2dr4lek2r9t?page=3,BBC Somali
https://www.bbc.com/somali/articles/c20gv550pz9o,saynis_iyo_caafimaad,3,https://www.bbc.com/somali/topics/c2dr4lek2r9t?page=3,BBC Somali
https://www.bbc.com/somali/articles/cn4djry28xpo,saynis_iyo_caafimaad,3,https://www.bbc.com/somali/topics/c2dr4lek2r9t?page=3,BBC Somali
https://www.bbc.com/somali/articles/c0r95glz5wzo,saynis_iyo_caafimaad,3,https://www.bbc.com/somali/topics/c2dr4lek2r9t?page=3,BBC Somali
https://www.bbc.com/somali/articles/c0qp54445qyo,saynis_iyo_caafimaad,3,https://www.bbc.com/somali/topics/c2dr4lek2r9t?page=3,BBC Somali
https://www.bbc.com/somali/articles/c1j837eggj6o,saynis_iyo_caafimaad,3,https://www.bbc.com/somali/topics/c2dr4lek2r9t?page=3,BBC Somali
https://www.bbc.com/somali/articles/cg4n7nr59wko,saynis_iyo_caafimaad,3,https://www.bbc.com/somali/topics/c2dr4lek2r9t?page=3,BBC Somali
https://www.bbc.com/somali/articles/c3w76qqxl3do,saynis_iyo_caafimaad,3,https://www.bbc.com/somali/topics/c2dr4lek2r9t?page=3,BBC Somali
https://www.bbc.com/somali/articles/cj6992xgl50o,saynis_iyo_caafimaad,3,https://www.bbc.com/somali/topics/c2dr4lek2r9t?page=3,BBC Somali
https://www.bbc.com/somali/articles/c773jl1rgjdo,saynis_iyo_caafimaad,3,https://www.bbc.com/somali/topics/c2dr4lek2r9t?page=3,BBC Somali
https://www.bbc.com/somali/articles/c874vr059xyo,saynis_iyo_caafimaad,3,https://www.bbc.com/somali/topics/c2dr4lek2r9t?page=3,BBC Somali
https://www.bbc.com/somali/articles/c0rpkk71x5do,saynis_iyo_caafimaad,3,https://www.bbc.com/somali/topics/c2dr4lek2r9t?page=3,BBC Somali
https://www.bbc.com/somali/articles/cp8zp97v6r4o,saynis_iyo_caafimaad,3,https://www.bbc.com/somali/topics/c2dr4lek2r9t?page=3,BBC Somali
https://www.bbc.com/somali/articles/cgke05e01p4o,saynis_iyo_caafimaad,3,https://www.bbc.com/somali/topics/c2dr4lek2r9t?page=3,BBC Somali
https://www.bbc.com/somali/articles/c7402myz2d9o,saynis_iyo_caafimaad,4,https://www.bbc.com/somali/topics/c2dr4lek2r9t?page=4,BBC Somali
https://www.bbc.com/somali/articles/c5yl3x5yle9o,saynis_iyo_caafimaad,4,https://www.bbc.com/somali/topics/c2dr4lek2r9t?page=4,BBC Somali
https://www.bbc.com/somali/articles/c14pd05jk76o,saynis_iyo_caafimaad,4,https://www.bbc.com/somali/topics/c2dr4lek2r9t?page=4,BBC Somali
https://www.bbc.com/somali/articles/cvgkwk4vk04o,saynis_iyo_caafimaad,4,https://www.bbc.com/somali/topics/c2dr4lek2r9t?page=4,BBC Somali
https://www.bbc.com/somali/articles/cew4kpeqnz2o,saynis_iyo_caafimaad,4,https://www.bbc.com/somali/topics/c2dr4lek2r9t?page=4,BBC Somali
https://www.bbc.com/somali/articles/clyzdnkl5lyo,saynis_iyo_caafimaad,4,https://www.bbc.com/somali/topics/c2dr4lek2r9t?page=4,BBC Somali
https://www.bbc.com/somali/articles/cq504qx830vo,saynis_iyo_caafimaad,4,https://www.bbc.com/somali/topics/c2dr4lek2r9t?page=4,BBC Somali
https://www.bbc.com/somali/articles/c62e1zn7v2no,saynis_iyo_caafimaad,4,https://www.bbc.com/somali/topics/c2dr4lek2r9t?page=4,BBC Somali
https://www.bbc.com/somali/articles/c751r9nyr6eo,saynis_iyo_caafimaad,4,https://www.bbc.com/somali/topics/c2dr4lek2r9t?page=4,BBC Somali
https://www.bbc.com/somali/articles/cjr0vljz93jo,saynis_iyo_caafimaad,4,https://www.bbc.com/somali/topics/c2dr4lek2r9t?page=4,BBC Somali
https://www.bbc.com/somali/articles/cgkzj371nk0o,saynis_iyo_caafimaad,4,https://www.bbc.com/somali/topics/c2dr4lek2r9t?page=4,BBC Somali
https://www.bbc.com/somali/articles/cd7rrq71v00o,saynis_iyo_caafimaad,4,https://www.bbc.com/somali/topics/c2dr4lek2r9t?page=4,BBC Somali
https://www.bbc.com/somali/articles/c5yp21xdpvpo,saynis_iyo_caafimaad,4,https://www.bbc.com/somali/topics/c2dr4lek2r9t?page=4,BBC Somali
https://www.bbc.com/somali/articles/c4gw8x9j95ro,saynis_iyo_caafimaad,4,https://www.bbc.com/somali/topics/c2dr4lek2r9t?page=4,BBC Somali
https://www.bbc.com/somali/articles/c5ypelzy5vjo,saynis_iyo_caafimaad,4,https://www.bbc.com/somali/topics/c2dr4lek2r9t?page=4,BBC Somali
https://www.bbc.com/somali/articles/cvg9d5em792o,saynis_iyo_caafimaad,4,https://www.bbc.com/somali/topics/c2dr4lek2r9t?page=4,BBC Somali
https://www.bbc.com/somali/articles/cq6z2dz2p7jo,saynis_iyo_caafimaad,4,https://www.bbc.com/somali/topics/c2dr4lek2r9t?page=4,BBC Somali
https://www.bbc.com/somali/articles/cly937ngje5o,saynis_iyo_caafimaad,4,https://www.bbc.com/somali/topics/c2dr4lek2r9t?page=4,BBC Somali
https://www.bbc.com/somali/articles/cj0e1j0v4r3o,saynis_iyo_caafimaad,4,https://www.bbc.com/somali/topics/c2dr4lek2r9t?page=4,BBC Somali
https://www.bbc.com/somali/articles/cr4q621q6veo,saynis_iyo_caafimaad,5,https://www.bbc.com/somali/topics/c2dr4lek2r9t?page=5,BBC Somali
https://www.bbc.com/somali/articles/cvg4vrx71d2o,saynis_iyo_caafimaad,5,https://www.bbc.com/somali/topics/c2dr4lek2r9t?page=5,BBC Somali
https://www.bbc.com/somali/articles/cx2xx0ez90lo,saynis_iyo_caafimaad,5,https://www.bbc.com/somali/topics/c2dr4lek2r9t?page=5,BBC Somali
https://www.bbc.com/somali/articles/c30678p3vzzo,saynis_iyo_caafimaad,5,https://www.bbc.com/somali/topics/c2dr4lek2r9t?page=5,BBC Somali
https://www.bbc.com/somali/articles/cy9870rv0ypo,saynis_iyo_caafimaad,5,https://www.bbc.com/somali/topics/c2dr4lek2r9t?page=5,BBC Somali
https://www.bbc.com/somali/articles/cvgnzed386ko,saynis_iyo_caafimaad,5,https://www.bbc.com/somali/topics/c2dr4lek2r9t?page=5,BBC Somali
https://www.bbc.com/somali/articles/c147yre4pv8o,saynis_iyo_caafimaad,5,https://www.bbc.com/somali/topics/c2dr4lek2r9t?page=5,BBC Somali
https://www.bbc.com/somali/articles/cz7rr39nx2eo,saynis_iyo_caafimaad,5,https://www.bbc.com/somali/topics/c2dr4lek2r9t?page=5,BBC Somali
https://www.bbc.com/somali/articles/c20ely654r1o,saynis_iyo_caafimaad,5,https://www.bbc.com/somali/topics/c2dr4lek2r9t?page=5,BBC Somali
https://www.bbc.com/somali/articles/c4g9jv7xvwpo,saynis_iyo_caafimaad,5,https://www.bbc.com/somali/topics/c2dr4lek2r9t?page=5,BBC Somali
https://www.bbc.com/somali/articles/czd0j33e0yyo,saynis_iyo_caafimaad,5,https://www.bbc.com/somali/topics/c2dr4lek2r9t?page=5,BBC Somali
https://www.bbc.com/somali/articles/c707x8pqxepo,saynis_iyo_caafimaad,5,https://www.bbc.com/somali/topics/c2dr4lek2r9t?page=5,BBC Somali
https://www.bbc.com/somali/articles/ce80ll4p5ero,saynis_iyo_caafimaad,5,https://www.bbc.com/somali/topics/c2dr4lek2r9t?page=5,BBC Somali
https://www.bbc.com/somali/articles/clyjneyexzlo,saynis_iyo_caafimaad,5,https://www.bbc.com/somali/topics/c2dr4lek2r9t?page=5,BBC Somali
https://www.bbc.com/somali/articles/c86009yd875o,saynis_iyo_caafimaad,5,https://www.bbc.com/somali/topics/c2dr4lek2r9t?page=5,BBC Somali
https://www.bbc.com/somali/articles/c306zmnl0lyo,saynis_iyo_caafimaad,5,https://www.bbc.com/somali/topics/c2dr4lek2r9t?page=5,BBC Somali
https://www.bbc.com/somali/articles/cp8zge7g330o,saynis_iyo_caafimaad,5,https://www.bbc.com/somali/topics/c2dr4lek2r9t?page=5,BBC Somali
https://www.bbc.com/somali/articles/cgq4gk2dl4wo,saynis_iyo_caafimaad,5,https://www.bbc.com/somali/topics/c2dr4lek2r9t?page=5,BBC Somali
https://www.bbc.com/somali/articles/c5y8p00pd0no,saynis_iyo_caafimaad,5,https://www.bbc.com/somali/topics/c2dr4lek2r9t?page=5,BBC Somali
https://www.bbc.com/somali/articles/c930wwe3r0ro,saynis_iyo_caafimaad,5,https://www.bbc.com/somali/topics/c2dr4lek2r9t?page=5,BBC Somali
https://www.bbc.com/somali/articles/c8xrg1evw91o,saynis_iyo_caafimaad,5,https://www.bbc.com/somali/topics/c2dr4lek2r9t?page=5,BBC Somali
https://www.bbc.com/somali/articles/cp821ww8790o,saynis_iyo_caafimaad,6,https://www.bbc.com/somali/topics/c2dr4lek2r9t?page=6,BBC Somali
https://www.bbc.com/somali/articles/cev0m947wk7o,saynis_iyo_caafimaad,6,https://www.bbc.com/somali/topics/c2dr4lek2r9t?page=6,BBC Somali
https://www.bbc.com/somali/articles/c8de912zr57o,saynis_iyo_caafimaad,6,https://www.bbc.com/somali/topics/c2dr4lek2r9t?page=6,BBC Somali
https://www.bbc.com/somali/articles/c24z586lym5o,saynis_iyo_caafimaad,6,https://www.bbc.com/somali/topics/c2dr4lek2r9t?page=6,BBC Somali
https://www.bbc.com/somali/articles/cy5e76xxqx4o,saynis_iyo_caafimaad,6,https://www.bbc.com/somali/topics/c2dr4lek2r9t?page=6,BBC Somali
https://www.bbc.com/somali/articles/crmv9z07v7zo,saynis_iyo_caafimaad,6,https://www.bbc.com/somali/topics/c2dr4lek2r9t?page=6,BBC Somali
https://www.bbc.com/somali/articles/cr4wg4771lro,saynis_iyo_caafimaad,6,https://www.bbc.com/somali/topics/c2dr4lek2r9t?page=6,BBC Somali
https://www.bbc.com/somali/articles/cpd1gg91g0xo,saynis_iyo_caafimaad,6,https://www.bbc.com/somali/topics/c2dr4lek2r9t?page=6,BBC Somali
https://www.bbc.com/somali/articles/c89p42zjjk4o,saynis_iyo_caafimaad,6,https://www.bbc.com/somali/topics/c2dr4lek2r9t?page=6,BBC Somali
https://www.bbc.com/somali/articles/cz935v9wdw4o,saynis_iyo_caafimaad,6,https://www.bbc.com/somali/topics/c2dr4lek2r9t?page=6,BBC Somali
https://www.bbc.com/somali/articles/cly8re87y5eo,saynis_iyo_caafimaad,6,https://www.bbc.com/somali/topics/c2dr4lek2r9t?page=6,BBC Somali
https://www.bbc.com/somali/articles/cy4nnq5911jo,saynis_iyo_caafimaad,6,https://www.bbc.com/somali/topics/c2dr4lek2r9t?page=6,BBC Somali
https://www.bbc.com/somali/articles/c8e16kwxlrgo,saynis_iyo_caafimaad,6,https://www.bbc.com/somali/topics/c2dr4lek2r9t?page=6,BBC Somali
https://www.bbc.com/somali/articles/cqjqpy4ypk8o,saynis_iyo_caafimaad,6,https://www.bbc.com/somali/topics/c2dr4lek2r9t?page=6,BBC Somali
https://www.bbc.com/somali/articles/cnvmejg2q4qo,saynis_iyo_caafimaad,6,https://www.bbc.com/somali/topics/c2dr4lek2r9t?page=6,BBC Somali
https://www.bbc.com/somali/articles/cm20pnng148o,saynis_iyo_caafimaad,6,https://www.bbc.com/somali/topics/c2dr4lek2r9t?page=6,BBC Somali
https://www.bbc.com/somali/articles/clyvpj028zvo,saynis_iyo_caafimaad,6,https://www.bbc.com/somali/topics/c2dr4lek2r9t?page=6,BBC Somali
https://www.bbc.com/somali/articles/cm2mgd24ekyo,saynis_iyo_caafimaad,6,https://www.bbc.com/somali/topics/c2dr4lek2r9t?page=6,BBC Somali
https://www.bbc.com/somali/articles/cy5edp9z102o,saynis_iyo_caafimaad,6,https://www.bbc.com/somali/topics/c2dr4lek2r9t?page=6,BBC Somali
https://www.bbc.com/somali/articles/c4ge9de9n7do,saynis_iyo_caafimaad,6,https://www.bbc.com/somali/topics/c2dr4lek2r9t?page=6,BBC Somali
https://www.bbc.com/somali/articles/cn4j5xw4w2jo,saynis_iyo_caafimaad,7,https://www.bbc.com/somali/topics/c2dr4lek2r9t?page=7,BBC Somali
https://www.bbc.com/somali/articles/cvgp1l9exe7o,saynis_iyo_caafimaad,7,https://www.bbc.com/somali/topics/c2dr4lek2r9t?page=7,BBC Somali
https://www.bbc.com/somali/articles/cgmjzd21g0lo,saynis_iyo_caafimaad,7,https://www.bbc.com/somali/topics/c2dr4lek2r9t?page=7,BBC Somali
https://www.bbc.com/somali/articles/clyqj82v72vo,saynis_iyo_caafimaad,7,https://www.bbc.com/somali/topics/c2dr4lek2r9t?page=7,BBC Somali
https://www.bbc.com/somali/articles/crld5yge0wxo,saynis_iyo_caafimaad,7,https://www.bbc.com/somali/topics/c2dr4lek2r9t?page=7,BBC Somali
https://www.bbc.com/somali/articles/c0eqpl80e2po,saynis_iyo_caafimaad,7,https://www.bbc.com/somali/topics/c2dr4lek2r9t?page=7,BBC Somali
https://www.bbc.com/somali/articles/cy8nrpgz0zvo,saynis_iyo_caafimaad,7,https://www.bbc.com/somali/topics/c2dr4lek2r9t?page=7,BBC Somali
https://www.bbc.com/somali/articles/ckg1dpqnkd0o,saynis_iyo_caafimaad,7,https://www.bbc.com/somali/topics/c2dr4lek2r9t?page=7,BBC Somali
https://www.bbc.com/somali/articles/ce82xplrkyxo,saynis_iyo_caafimaad,7,https://www.bbc.com/somali/topics/c2dr4lek2r9t?page=7,BBC Somali
https://www.bbc.com/somali/articles/c0r5rn1p5gzo,saynis_iyo_caafimaad,7,https://www.bbc.com/somali/topics/c2dr4lek2r9t?page=7,BBC Somali
https://www.bbc.com/somali/articles/c249r330058o,saynis_iyo_caafimaad,7,https://www.bbc.com/somali/topics/c2dr4lek2r9t?page=7,BBC Somali
https://www.bbc.com/somali/articles/cpdzw4xy5n5o,saynis_iyo_caafimaad,7,https://www.bbc.com/somali/topics/c2dr4lek2r9t?page=7,BBC Somali
https://www.bbc.com/somali/articles/cwyq1vqd7lyo,saynis_iyo_caafimaad,7,https://www.bbc.com/somali/topics/c2dr4lek2r9t?page=7,BBC Somali
https://www.bbc.com/somali/articles/c05n1j2212zo,saynis_iyo_caafimaad,7,https://www.bbc.com/somali/topics/c2dr4lek2r9t?page=7,BBC Somali
https://www.bbc.com/somali/articles/c9853g2g2z1o,saynis_iyo_caafimaad,7,https://www.bbc.com/somali/topics/c2dr4lek2r9t?page=7,BBC Somali
https://www.bbc.com/somali/articles/cgkgz2ykmr2o,saynis_iyo_caafimaad,7,https://www.bbc.com/somali/topics/c2dr4lek2r9t?page=7,BBC Somali
https://www.bbc.com/somali/articles/c4g785nxw8po,saynis_iyo_caafimaad,7,https://www.bbc.com/somali/topics/c2dr4lek2r9t?page=7,BBC Somali
https://www.bbc.com/somali/articles/c4g2erzv6l0o,saynis_iyo_caafimaad,7,https://www.bbc.com/somali/topics/c2dr4lek2r9t?page=7,BBC Somali
https://www.bbc.com/somali/articles/cwyj5g71476o,saynis_iyo_caafimaad,7,https://www.bbc.com/somali/topics/c2dr4lek2r9t?page=7,BBC Somali
https://www.bbc.com/somali/articles/cm2yd87lvkno,saynis_iyo_caafimaad,8,https://www.bbc.com/somali/topics/c2dr4lek2r9t?page=8,BBC Somali
https://www.bbc.com/somali/articles/c0rzdevgqvgo,saynis_iyo_caafimaad,8,https://www.bbc.com/somali/topics/c2dr4lek2r9t?page=8,BBC Somali
https://www.bbc.com/somali/articles/cy0d11e9z28o,saynis_iyo_caafimaad,8,https://www.bbc.com/somali/topics/c2dr4lek2r9t?page=8,BBC Somali
https://www.bbc.com/somali/articles/cq5zexnggn3o,saynis_iyo_caafimaad,8,https://www.bbc.com/somali/topics/c2dr4lek2r9t?page=8,BBC Somali
https://www.bbc.com/somali/articles/cpdzv4l11dvo,saynis_iyo_caafimaad,8,https://www.bbc.com/somali/topics/c2dr4lek2r9t?page=8,BBC Somali
https://www.bbc.com/somali/articles/cm2ddx52gxko,saynis_iyo_caafimaad,8,https://www.bbc.com/somali/topics/c2dr4lek2r9t?page=8,BBC Somali
https://www.bbc.com/somali/articles/czjenm8rdl9o,saynis_iyo_caafimaad,8,https://www.bbc.com/somali/topics/c2dr4lek2r9t?page=8,BBC Somali
https://www.bbc.com/somali/articles/cqlyy6ppxe2o,saynis_iyo_caafimaad,8,https://www.bbc.com/somali/topics/c2dr4lek2r9t?page=8,BBC Somali
https://www.bbc.com/somali/articles/c07z7krp9kvo,saynis_iyo_caafimaad,8,https://www.bbc.com/somali/topics/c2dr4lek2r9t?page=8,BBC Somali
https://www.bbc.com/somali/articles/ckvw80j949go,saynis_iyo_caafimaad,8,https://www.bbc.com/somali/topics/c2dr4lek2r9t?page=8,BBC Somali
https://www.bbc.com/somali/articles/cm2ygye8vvpo,saynis_iyo_caafimaad,8,https://www.bbc.com/somali/topics/c2dr4lek2r9t?page=8,BBC Somali
https://www.bbc.com/somali/articles/cx2g5e2w091o,saynis_iyo_caafimaad,8,https://www.bbc.com/somali/topics/c2dr4lek2r9t?page=8,BBC Somali
https://www.bbc.com/somali/articles/c72g0049rqzo,saynis_iyo_caafimaad,8,https://www.bbc.com/somali/topics/c2dr4lek2r9t?page=8,BBC Somali
https://www.bbc.com/somali/articles/ckg85z0d5nqo,saynis_iyo_caafimaad,8,https://www.bbc.com/somali/topics/c2dr4lek2r9t?page=8,BBC Somali
https://www.bbc.com/somali/articles/c9wpvqnxkjyo,saynis_iyo_caafimaad,8,https://www.bbc.com/somali/topics/c2dr4lek2r9t?page=8,BBC Somali
https://www.bbc.com/somali/articles/cwydzydg48ro,saynis_iyo_caafimaad,8,https://www.bbc.com/somali/topics/c2dr4lek2r9t?page=8,BBC Somali
https://www.bbc.com/somali/articles/c93kp5p7dl7o,saynis_iyo_caafimaad,8,https://www.bbc.com/somali/topics/c2dr4lek2r9t?page=8,BBC Somali
https://www.bbc.com/somali/articles/cxxz9g16yrxo,saynis_iyo_caafimaad,8,https://www.bbc.com/somali/topics/c2dr4lek2r9t?page=8,BBC Somali
https://www.bbc.com/somali/articles/cjryl4y55pno,saynis_iyo_caafimaad,8,https://www.bbc.com/somali/topics/c2dr4lek2r9t?page=8,BBC Somali
https://www.bbc.com/somali/articles/cy9d9q7g93ro,saynis_iyo_caafimaad,8,https://www.bbc.com/somali/topics/c2dr4lek2r9t?page=8,BBC Somali
https://www.bbc.com/somali/articles/c1kjmmzr2ryo,saynis_iyo_caafimaad,8,https://www.bbc.com/somali/topics/c2dr4lek2r9t?page=8,BBC Somali
https://www.bbc.com/somali/articles/c4gd8g09wrzo,saynis_iyo_caafimaad,8,https://www.bbc.com/somali/topics/c2dr4lek2r9t?page=8,BBC Somali
https://www.bbc.com/somali/articles/ckgxdz9jyn8o,saynis_iyo_caafimaad,9,https://www.bbc.com/somali/topics/c2dr4lek2r9t?page=9,BBC Somali
https://www.bbc.com/somali/articles/c8639yljv2eo,saynis_iyo_caafimaad,9,https://www.bbc.com/somali/topics/c2dr4lek2r9t?page=9,BBC Somali
https://www.bbc.com/somali/articles/cx2p39w7306o,saynis_iyo_caafimaad,9,https://www.bbc.com/somali/topics/c2dr4lek2r9t?page=9,BBC Somali
https://www.bbc.com/somali/articles/cq6gp05rn3do,saynis_iyo_caafimaad,9,https://www.bbc.com/somali/topics/c2dr4lek2r9t?page=9,BBC Somali
https://www.bbc.com/somali/articles/c78x88yd94po,saynis_iyo_caafimaad,9,https://www.bbc.com/somali/topics/c2dr4lek2r9t?page=9,BBC Somali
https://www.bbc.com/somali/articles/clyzle6rzepo,saynis_iyo_caafimaad,9,https://www.bbc.com/somali/topics/c2dr4lek2r9t?page=9,BBC Somali
https://www.bbc.com/somali/articles/c626xv394y3o,saynis_iyo_caafimaad,9,https://www.bbc.com/somali/topics/c2dr4lek2r9t?page=9,BBC Somali
https://www.bbc.com/somali/articles/c897gy17j3no,saynis_iyo_caafimaad,9,https://www.bbc.com/somali/topics/c2dr4lek2r9t?page=9,BBC Somali
https://www.bbc.com/somali/articles/clynyj06739o,saynis_iyo_caafimaad,9,https://www.bbc.com/somali/topics/c2dr4lek2r9t?page=9,BBC Somali
https://www.bbc.com/somali/articles/c5y61eed5d4o,saynis_iyo_caafimaad,9,https://www.bbc.com/somali/topics/c2dr4lek2r9t?page=9,BBC Somali
https://www.bbc.com/somali/articles/ce9n91n99m8o,saynis_iyo_caafimaad,9,https://www.bbc.com/somali/topics/c2dr4lek2r9t?page=9,BBC Somali
https://www.bbc.com/somali/articles/cdryz5d3636o,saynis_iyo_caafimaad,9,https://www.bbc.com/somali/topics/c2dr4lek2r9t?page=9,BBC Somali
https://www.bbc.com/somali/articles/cvg901l9l9no,saynis_iyo_caafimaad,9,https://www.bbc.com/somali/topics/c2dr4lek2r9t?page=9,BBC Somali
https://www.bbc.com/somali/articles/c863jvnj99yo,saynis_iyo_caafimaad,9,https://www.bbc.com/somali/topics/c2dr4lek2r9t?page=9,BBC Somali
https://www.bbc.com/somali/articles/c8dqzzled48o,saynis_iyo_caafimaad,9,https://www.bbc.com/somali/topics/c2dr4lek2r9t?page=9,BBC Somali
https://www.bbc.com/somali/articles/cdry61gl1nyo,saynis_iyo_caafimaad,9,https://www.bbc.com/somali/topics/c2dr4lek2r9t?page=9,BBC Somali
https://www.bbc.com/somali/articles/cr460e023qno,saynis_iyo_caafimaad,9,https://www.bbc.com/somali/topics/c2dr4lek2r9t?page=9,BBC Somali
https://www.bbc.com/somali/articles/cx2v2xmdjk1o,saynis_iyo_caafimaad,9,https://www.bbc.com/somali/topics/c2dr4lek2r9t?page=9,BBC Somali
https://www.bbc.com/somali/articles/c6pp3rgevyko,saynis_iyo_caafimaad,9,https://www.bbc.com/somali/topics/c2dr4lek2r9t?page=9,BBC Somali
https://www.bbc.com/somali/articles/cz6l1ln64lgo,saynis_iyo_caafimaad,10,https://www.bbc.com/somali/topics/c2dr4lek2r9t?page=10,BBC Somali
https://www.bbc.com/somali/articles/cdjexwljpero,saynis_iyo_caafimaad,10,https://www.bbc.com/somali/topics/c2dr4lek2r9t?page=10,BBC Somali
https://www.bbc.com/somali/articles/c79nq4lvwq0o,saynis_iyo_caafimaad,10,https://www.bbc.com/somali/topics/c2dr4lek2r9t?page=10,BBC Somali
https://www.bbc.com/somali/articles/cge989nvzx9o,saynis_iyo_caafimaad,10,https://www.bbc.com/somali/topics/c2dr4lek2r9t?page=10,BBC Somali
https://www.bbc.com/somali/articles/c36pe31n4pxo,saynis_iyo_caafimaad,10,https://www.bbc.com/somali/topics/c2dr4lek2r9t?page=10,BBC Somali
https://www.bbc.com/somali/articles/cn8gkn7emxgo,saynis_iyo_caafimaad,10,https://www.bbc.com/somali/topics/c2dr4lek2r9t?page=10,BBC Somali
https://www.bbc.com/somali/articles/c78d292v7mdo,saynis_iyo_caafimaad,10,https://www.bbc.com/somali/topics/c2dr4lek2r9t?page=10,BBC Somali
https://www.bbc.com/somali/articles/cly6nn4przro,saynis_iyo_caafimaad,10,https://www.bbc.com/somali/topics/c2dr4lek2r9t?page=10,BBC Somali
https://www.bbc.com/somali/articles/c20m7zvj7vxo,saynis_iyo_caafimaad,10,https://www.bbc.com/somali/topics/c2dr4lek2r9t?page=10,BBC Somali
https://www.bbc.com/somali/articles/cje98e3dqd9o,saynis_iyo_caafimaad,10,https://www.bbc.com/somali/topics/c2dr4lek2r9t?page=10,BBC Somali
https://www.bbc.com/somali/articles/cjrz10p92kko,saynis_iyo_caafimaad,10,https://www.bbc.com/somali/topics/c2dr4lek2r9t?page=10,BBC Somali
https://www.bbc.com/somali/articles/cge9lqdx4xgo,saynis_iyo_caafimaad,10,https://www.bbc.com/somali/topics/c2dr4lek2r9t?page=10,BBC Somali
https://www.bbc.com/somali/articles/c9ql1xd0vpeo,saynis_iyo_caafimaad,10,https://www.bbc.com/somali/topics/c2dr4lek2r9t?page=10,BBC Somali
https://www.bbc.com/somali/articles/ced9dq0lpgjo,saynis_iyo_caafimaad,10,https://www.bbc.com/somali/topics/c2dr4lek2r9t?page=10,BBC Somali
https://www.bbc.com/somali/articles/cm29x240pk5o,saynis_iyo_caafimaad,10,https://www.bbc.com/somali/topics/c2dr4lek2r9t?page=10,BBC Somali
https://www.bbc.com/somali/articles/c5yxp8k3p1yo,saynis_iyo_caafimaad,10,https://www.bbc.com/somali/topics/c2dr4lek2r9t?page=10,BBC Somali
https://www.bbc.com/somali/articles/ce8y10vyjy7o,saynis_iyo_caafimaad,10,https://www.bbc.com/somali/topics/c2dr4lek2r9t?page=10,BBC Somali
https://www.bbc.com/somali/articles/cwy14j74kg7o,saynis_iyo_caafimaad,10,https://www.bbc.com/somali/topics/c2dr4lek2r9t?page=10,BBC Somali
https://www.bbc.com/somali/articles/cp8e1zn6j8po,saynis_iyo_caafimaad,10,https://www.bbc.com/somali/topics/c2dr4lek2r9t?page=10,BBC Somali
https://www.bbc.com/somali/articles/cyv75y83veqo,saynis_iyo_caafimaad,10,https://www.bbc.com/somali/topics/c2dr4lek2r9t?page=10,BBC Somali
https://www.bbc.com/somali/articles/c4gdn5k91nzo,saynis_iyo_caafimaad,11,https://www.bbc.com/somali/topics/c2dr4lek2r9t?page=11,BBC Somali
https://www.bbc.com/somali/articles/ce38jvv9n5lo,saynis_iyo_caafimaad,11,https://www.bbc.com/somali/topics/c2dr4lek2r9t?page=11,BBC Somali
https://www.bbc.com/somali/articles/cwy5w537n25o,saynis_iyo_caafimaad,11,https://www.bbc.com/somali/topics/c2dr4lek2r9t?page=11,BBC Somali
https://www.bbc.com/somali/articles/c303yrgd6m7o,saynis_iyo_caafimaad,11,https://www.bbc.com/somali/topics/c2dr4lek2r9t?page=11,BBC Somali
https://www.bbc.com/somali/articles/cr5n8j84ezzo,saynis_iyo_caafimaad,11,https://www.bbc.com/somali/topics/c2dr4lek2r9t?page=11,BBC Somali
https://www.bbc.com/somali/articles/c0rwrnp18ejo,saynis_iyo_caafimaad,11,https://www.bbc.com/somali/topics/c2dr4lek2r9t?page=11,BBC Somali
https://www.bbc.com/somali/articles/c5y37l157v1o,saynis_iyo_caafimaad,11,https://www.bbc.com/somali/topics/c2dr4lek2r9t?page=11,BBC Somali
https://www.bbc.com/somali/articles/cpqj20ggqpvo,saynis_iyo_caafimaad,11,https://www.bbc.com/somali/topics/c2dr4lek2r9t?page=11,BBC Somali
https://www.bbc.com/somali/articles/cql3pyw1e03o,saynis_iyo_caafimaad,11,https://www.bbc.com/somali/topics/c2dr4lek2r9t?page=11,BBC Somali
https://www.bbc.com/somali/articles/cy9e53zgqd5o,saynis_iyo_caafimaad,11,https://www.bbc.com/somali/topics/c2dr4lek2r9t?page=11,BBC Somali
https://www.bbc.com/somali/articles/cnvyql7mqm3o,saynis_iyo_caafimaad,11,https://www.bbc.com/somali/topics/c2dr4lek2r9t?page=11,BBC Somali
https://www.bbc.com/somali/articles/czxlwpz97j4o,saynis_iyo_caafimaad,11,https://www.bbc.com/somali/topics/c2dr4lek2r9t?page=11,BBC Somali
https://www.bbc.com/somali/articles/cd6yyp6l3qjo,saynis_iyo_caafimaad,11,https://www.bbc.com/somali/topics/c2dr4lek2r9t?page=11,BBC Somali
https://www.bbc.com/somali/articles/c3rdn9pw984o,saynis_iyo_caafimaad,11,https://www.bbc.com/somali/topics/c2dr4lek2r9t?page=11,BBC Somali
https://www.bbc.com/somali/articles/cd05p04dj25o,saynis_iyo_caafimaad,11,https://www.bbc.com/somali/topics/c2dr4lek2r9t?page=11,BBC Somali
https://www.bbc.com/somali/articles/c1w7qj2rnj1o,saynis_iyo_caafimaad,11,https://www.bbc.com/somali/topics/c2dr4lek2r9t?page=11,BBC Somali
https://www.bbc.com/somali/articles/cq6r2j4lq93o,saynis_iyo_caafimaad,11,https://www.bbc.com/somali/topics/c2dr4lek2r9t?page=11,BBC Somali
https://www.bbc.com/somali/articles/cd9dd8n9pqzo,saynis_iyo_caafimaad,11,https://www.bbc.com/somali/topics/c2dr4lek2r9t?page=11,BBC Somali
https://www.bbc.com/somali/articles/c1w7w0n247xo,saynis_iyo_caafimaad,11,https://www.bbc.com/somali/topics/c2dr4lek2r9t?page=11,BBC Somali
https://www.bbc.com/somali/articles/cp812g1vl5zo,saynis_iyo_caafimaad,11,https://www.bbc.com/somali/topics/c2dr4lek2r9t?page=11,BBC Somali
https://www.bbc.com/somali/articles/c3gwn2lqdw5o,saynis_iyo_caafimaad,12,https://www.bbc.com/somali/topics/c2dr4lek2r9t?page=12,BBC Somali
https://www.bbc.com/somali/articles/cley1g7znzno,saynis_iyo_caafimaad,12,https://www.bbc.com/somali/topics/c2dr4lek2r9t?page=12,BBC Somali
https://www.bbc.com/somali/articles/c3g983wxeg8o,saynis_iyo_caafimaad,12,https://www.bbc.com/somali/topics/c2dr4lek2r9t?page=12,BBC Somali
https://www.bbc.com/somali/articles/cd195vg8wyjo,saynis_iyo_caafimaad,12,https://www.bbc.com/somali/topics/c2dr4lek2r9t?page=12,BBC Somali
https://www.bbc.com/somali/articles/c728jqwn527o,saynis_iyo_caafimaad,12,https://www.bbc.com/somali/topics/c2dr4lek2r9t?page=12,BBC Somali
https://www.bbc.com/somali/articles/c729glrg398o,saynis_iyo_caafimaad,12,https://www.bbc.com/somali/topics/c2dr4lek2r9t?page=12,BBC Somali
https://www.bbc.com/somali/articles/ce93e79rnpzo,saynis_iyo_caafimaad,12,https://www.bbc.com/somali/topics/c2dr4lek2r9t?page=12,BBC Somali
https://www.bbc.com/somali/articles/c2x005mykyjo,saynis_iyo_caafimaad,12,https://www.bbc.com/somali/topics/c2dr4lek2r9t?page=12,BBC Somali
https://www.bbc.com/somali/articles/c9wv0zjdx3no,saynis_iyo_caafimaad,12,https://www.bbc.com/somali/topics/c2dr4lek2r9t?page=12,BBC Somali
https://www.bbc.com/somali/articles/cd1x9n9k7vno,saynis_iyo_caafimaad,12,https://www.bbc.com/somali/topics/c2dr4lek2r9t?page=12,BBC Somali
https://www.bbc.com/somali/articles/c06k67mdzvro,saynis_iyo_caafimaad,12,https://www.bbc.com/somali/topics/c2dr4lek2r9t?page=12,BBC Somali
https://www.bbc.com/somali/articles/cjjwz62l56wo,saynis_iyo_caafimaad,12,https://www.bbc.com/somali/topics/c2dr4lek2r9t?page=12,BBC Somali
https://www.bbc.com/somali/articles/cw8yqeye13vo,saynis_iyo_caafimaad,12,https://www.bbc.com/somali/topics/c2dr4lek2r9t?page=12,BBC Somali
https://www.bbc.com/somali/articles/c0xx300dd3zo,saynis_iyo_caafimaad,13,https://www.bbc.com/somali/topics/c2dr4lek2r9t?page=13,BBC Somali
https://www.bbc.com/somali/articles/cqvvgd5yp63o,saynis_iyo_caafimaad,13,https://www.bbc.com/somali/topics/c2dr4lek2r9t?page=13,BBC Somali
https://www.bbc.com/somali/articles/c3ggm0p871ko,saynis_iyo_caafimaad,13,https://www.bbc.com/somali/topics/c2dr4lek2r9t?page=13,BBC Somali
https://www.bbc.com/somali/articles/c0vvzeqlrweo,saynis_iyo_caafimaad,13,https://www.bbc.com/somali/topics/c2dr4lek2r9t?page=13,BBC Somali
https://www.bbc.com/somali/articles/c4n1dp8yepwo,saynis_iyo_caafimaad,13,https://www.bbc.com/somali/topics/c2dr4lek2r9t?page=13,BBC Somali
https://www.bbc.com/somali/articles/cd113zlg10ko,saynis_iyo_caafimaad,13,https://www.bbc.com/somali/topics/c2dr4lek2r9t?page=13,BBC Somali
https://www.bbc.com/somali/articles/cglxl1n84jdo,saynis_iyo_caafimaad,13,https://www.bbc.com/somali/topics/c2dr4lek2r9t?page=13,BBC Somali
https://www.bbc.com/somali/articles/cx725j3vn9wo,saynis_iyo_caafimaad,13,https://www.bbc.com/somali/topics/c2dr4lek2r9t?page=13,BBC Somali
https://www.bbc.com/somali/articles/c6pyer6kp02o,saynis_iyo_caafimaad,13,https://www.bbc.com/somali/topics/c2dr4lek2r9t?page=13,BBC Somali
https://www.bbc.com/somali/articles/cv22q78p5emo,saynis_iyo_caafimaad,13,https://www.bbc.com/somali/topics/c2dr4lek2r9t?page=13,BBC Somali
https://www.bbc.com/somali/articles/c51yw2w8059o,saynis_iyo_caafimaad,13,https://www.bbc.com/somali/topics/c2dr4lek2r9t?page=13,BBC Somali
https://www.bbc.com/somali/articles/c3gggq8d135o,saynis_iyo_caafimaad,13,https://www.bbc.com/somali/topics/c2dr4lek2r9t?page=13,BBC Somali
https://www.bbc.com/somali/articles/cz774dj82yeo,saynis_iyo_caafimaad,13,https://www.bbc.com/somali/topics/c2dr4lek2r9t?page=13,BBC Somali
https://www.bbc.com/somali/articles/cd11yk1x2djo,saynis_iyo_caafimaad,13,https://www.bbc.com/somali/topics/c2dr4lek2r9t?page=13,BBC Somali
https://www.bbc.com/somali/articles/cyjj17n9jdgo,saynis_iyo_caafimaad,13,https://www.bbc.com/somali/topics/c2dr4lek2r9t?page=13,BBC Somali
https://www.bbc.com/somali/articles/c4nnq7vdvqeo,saynis_iyo_caafimaad,13,https://www.bbc.com/somali/topics/c2dr4lek2r9t?page=13,BBC Somali
https://www.bbc.com/somali/articles/cxe2l58gejgo,saynis_iyo_caafimaad,13,https://www.bbc.com/somali/topics/c2dr4lek2r9t?page=13,BBC Somali
https://www.bbc.com/somali/articles/ce9632qxzgeo,saynis_iyo_caafimaad,13,https://www.bbc.com/somali/topics/c2dr4lek2r9t?page=13,BBC Somali
https://www.bbc.com/somali/articles/crggel4e4e2o,saynis_iyo_caafimaad,13,https://www.bbc.com/somali/topics/c2dr4lek2r9t?page=13,BBC Somali
https://www.bbc.com/somali/articles/cpwg73lg3gwo,saynis_iyo_caafimaad,13,https://www.bbc.com/somali/topics/c2dr4lek2r9t?page=13,BBC Somali
https://www.bbc.com/somali/articles/cv2g40jjer3o,saynis_iyo_caafimaad,13,https://www.bbc.com/somali/topics/c2dr4lek2r9t?page=13,BBC Somali
https://www.bbc.com/somali/articles/cg39qv7n359o,saynis_iyo_caafimaad,13,https://www.bbc.com/somali/topics/c2dr4lek2r9t?page=13,BBC Somali
https://www.bbc.com/somali/articles/cnke9k8je3wo,saynis_iyo_caafimaad,14,https://www.bbc.com/somali/topics/c2dr4lek2r9t?page=14,BBC Somali
https://www.bbc.com/somali/articles/c03d76d14reo,saynis_iyo_caafimaad,14,https://www.bbc.com/somali/topics/c2dr4lek2r9t?page=14,BBC Somali
https://www.bbc.com/somali/articles/cq5n9j00zx7o,saynis_iyo_caafimaad,14,https://www.bbc.com/somali/topics/c2dr4lek2r9t?page=14,BBC Somali
https://www.bbc.com/somali/articles/c4n1dgdxre6o,saynis_iyo_caafimaad,14,https://www.bbc.com/somali/topics/c2dr4lek2r9t?page=14,BBC Somali
https://www.bbc.com/somali/articles/czvj0zvpx99o,saynis_iyo_caafimaad,14,https://www.bbc.com/somali/topics/c2dr4lek2r9t?page=14,BBC Somali
https://www.bbc.com/somali/articles/c03d767l6neo,saynis_iyo_caafimaad,14,https://www.bbc.com/somali/topics/c2dr4lek2r9t?page=14,BBC Somali
https://www.bbc.com/somali/articles/c80zx8p8gj4o,saynis_iyo_caafimaad,14,https://www.bbc.com/somali/topics/c2dr4lek2r9t?page=14,BBC Somali
https://www.bbc.com/somali/articles/cd1vd0mv8wgo,saynis_iyo_caafimaad,14,https://www.bbc.com/somali/topics/c2dr4lek2r9t?page=14,BBC Somali
https://www.bbc.com/somali/articles/c3gl78jk8d2o,saynis_iyo_caafimaad,14,https://www.bbc.com/somali/topics/c2dr4lek2r9t?page=14,BBC Somali
https://www.bbc.com/somali/articles/c1d4k33g4d7o,saynis_iyo_caafimaad,14,https://www.bbc.com/somali/topics/c2dr4lek2r9t?page=14,BBC Somali
https://www.bbc.com/somali/articles/c2e0qy3215ro,saynis_iyo_caafimaad,14,https://www.bbc.com/somali/topics/c2dr4lek2r9t?page=14,BBC Somali
https://www.bbc.com/somali/articles/cpdg1kpmplzo,saynis_iyo_caafimaad,14,https://www.bbc.com/somali/topics/c2dr4lek2r9t?page=14,BBC Somali
https://www.bbc.com/somali/articles/cmm3pn4rrl9o,saynis_iyo_caafimaad,14,https://www.bbc.com/somali/topics/c2dr4lek2r9t?page=14,BBC Somali
https://www.bbc.com/somali/articles/c2e0rj15002o,saynis_iyo_caafimaad,14,https://www.bbc.com/somali/topics/c2dr4lek2r9t?page=14,BBC Somali
https://www.bbc.com/somali/articles/cpvgy2xvdywo,saynis_iyo_caafimaad,14,https://www.bbc.com/somali/topics/c2dr4lek2r9t?page=14,BBC Somali
https://www.bbc.com/somali/articles/cqln1y74w5qo,saynis_iyo_caafimaad,14,https://www.bbc.com/somali/topics/c2dr4lek2r9t?page=14,BBC Somali
https://www.bbc.com/somali/articles/cnk5lnd9q9jo,saynis_iyo_caafimaad,15,https://www.bbc.com/somali/topics/c2dr4lek2r9t?page=15,BBC Somali
https://www.bbc.com/somali/articles/cjjxjg95x8po,saynis_iyo_caafimaad,15,https://www.bbc.com/somali/topics/c2dr4lek2r9t?page=15,BBC Somali
https://www.bbc.com/somali/articles/crgrdy7y80wo,saynis_iyo_caafimaad,15,https://www.bbc.com/somali/topics/c2dr4lek2r9t?page=15,BBC Somali
https://www.bbc.com/somali/articles/cx0z4830dq2o,saynis_iyo_caafimaad,15,https://www.bbc.com/somali/topics/c2dr4lek2r9t?page=15,BBC Somali
https://www.bbc.com/somali/articles/czrzkgkymero,saynis_iyo_caafimaad,15,https://www.bbc.com/somali/topics/c2dr4lek2r9t?page=15,BBC Somali
https://www.bbc.com/somali/articles/cd17md8rn00o,saynis_iyo_caafimaad,15,https://www.bbc.com/somali/topics/c2dr4lek2r9t?page=15,BBC Somali
https://www.bbc.com/somali/articles/c0jx4n2en8zo,saynis_iyo_caafimaad,15,https://www.bbc.com/somali/topics/c2dr4lek2r9t?page=15,BBC Somali
https://www.bbc.com/somali/articles/c876542v16ro,saynis_iyo_caafimaad,15,https://www.bbc.com/somali/topics/c2dr4lek2r9t?page=15,BBC Somali
https://www.bbc.com/somali/articles/c03q5yl7qvgo,saynis_iyo_caafimaad,15,https://www.bbc.com/somali/topics/c2dr4lek2r9t?page=15,BBC Somali
https://www.bbc.com/somali/articles/c2v97q9g778o,saynis_iyo_caafimaad,15,https://www.bbc.com/somali/topics/c2dr4lek2r9t?page=15,BBC Somali
https://www.bbc.com/somali/articles/c5144g65nlyo,saynis_iyo_caafimaad,15,https://www.bbc.com/somali/topics/c2dr4lek2r9t?page=15,BBC Somali
https://www.bbc.com/somali/articles/cw5zkxzrgw9o,saynis_iyo_caafimaad,15,https://www.bbc.com/somali/topics/c2dr4lek2r9t?page=15,BBC Somali
https://www.bbc.com/somali/articles/c9ed8ll89epo,saynis_iyo_caafimaad,15,https://www.bbc.com/somali/topics/c2dr4lek2r9t?page=15,BBC Somali
https://www.bbc.com/somali/articles/c994n80718no,saynis_iyo_caafimaad,15,https://www.bbc.com/somali/topics/c2dr4lek2r9t?page=15,BBC Somali
https://www.bbc.com/somali/articles/cy6zj3ewn97o,saynis_iyo_caafimaad,15,https://www.bbc.com/somali/topics/c2dr4lek2r9t?page=15,BBC Somali
https://www.bbc.com/somali/articles/clejng41vy0o,saynis_iyo_caafimaad,15,https://www.bbc.com/somali/topics/c2dr4lek2r9t?page=15,BBC Somali
https://www.bbc.com/somali/articles/c84j07l3dnko,saynis_iyo_caafimaad,15,https://www.bbc.com/somali/topics/c2dr4lek2r9t?page=15,BBC Somali
https://www.bbc.com/somali/articles/c72l0qx1qveo,saynis_iyo_caafimaad,15,https://www.bbc.com/somali/topics/c2dr4lek2r9t?page=15,BBC Somali
https://www.bbc.com/somali/articles/crg0yy8x821o,saynis_iyo_caafimaad,16,https://www.bbc.com/somali/topics/c2dr4lek2r9t?page=16,BBC Somali
https://www.bbc.com/somali/articles/ck503kelkn5o,saynis_iyo_caafimaad,16,https://www.bbc.com/somali/topics/c2dr4lek2r9t?page=16,BBC Somali
https://www.bbc.com/somali/articles/cm5gnj0d18no,saynis_iyo_caafimaad,16,https://www.bbc.com/somali/topics/c2dr4lek2r9t?page=16,BBC Somali
https://www.bbc.com/somali/articles/cpr3wlwjll0o,saynis_iyo_caafimaad,16,https://www.bbc.com/somali/topics/c2dr4lek2r9t?page=16,BBC Somali
https://www.bbc.com/somali/articles/c4n48g28111o,saynis_iyo_caafimaad,16,https://www.bbc.com/somali/topics/c2dr4lek2r9t?page=16,BBC Somali
https://www.bbc.com/somali/articles/c72gnp9ezjno,saynis_iyo_caafimaad,16,https://www.bbc.com/somali/topics/c2dr4lek2r9t?page=16,BBC Somali
https://www.bbc.com/somali/articles/ceqjvg60505o,saynis_iyo_caafimaad,16,https://www.bbc.com/somali/topics/c2dr4lek2r9t?page=16,BBC Somali
https://www.bbc.com/somali/articles/cqqxpkg62xdo,saynis_iyo_caafimaad,16,https://www.bbc.com/somali/topics/c2dr4lek2r9t?page=16,BBC Somali
https://www.bbc.com/somali/articles/czrlyly8vldo,saynis_iyo_caafimaad,16,https://www.bbc.com/somali/topics/c2dr4lek2r9t?page=16,BBC Somali
https://www.bbc.com/somali/articles/cl5lljdz0e4o,saynis_iyo_caafimaad,16,https://www.bbc.com/somali/topics/c2dr4lek2r9t?page=16,BBC Somali
https://www.bbc.com/somali/articles/cedqq0wvdyzo,saynis_iyo_caafimaad,16,https://www.bbc.com/somali/topics/c2dr4lek2r9t?page=16,BBC Somali
https://www.bbc.com/somali/articles/cek7xpryyzeo,saynis_iyo_caafimaad,16,https://www.bbc.com/somali/topics/c2dr4lek2r9t?page=16,BBC Somali
https://www.bbc.com/somali/articles/cp6xj7j0881o,saynis_iyo_caafimaad,16,https://www.bbc.com/somali/topics/c2dr4lek2r9t?page=16,BBC Somali
https://www.bbc.com/somali/articles/cek7nlppvmxo,saynis_iyo_caafimaad,16,https://www.bbc.com/somali/topics/c2dr4lek2r9t?page=16,BBC Somali
https://www.bbc.com/somali/articles/c1d1z3zm75vo,saynis_iyo_caafimaad,16,https://www.bbc.com/somali/topics/c2dr4lek2r9t?page=16,BBC Somali
https://www.bbc.com/somali/articles/c990lr9447yo,saynis_iyo_caafimaad,16,https://www.bbc.com/somali/topics/c2dr4lek2r9t?page=16,BBC Somali
https://www.bbc.com/somali/articles/cqv6ll56834o,saynis_iyo_caafimaad,16,https://www.bbc.com/somali/topics/c2dr4lek2r9t?page=16,BBC Somali
https://www.bbc.com/somali/articles/cyx78d5dxpwo,saynis_iyo_caafimaad,16,https://www.bbc.com/somali/topics/c2dr4lek2r9t?page=16,BBC Somali
https://www.bbc.com/somali/articles/cd18w925lpjo,saynis_iyo_caafimaad,16,https://www.bbc.com/somali/topics/c2dr4lek2r9t?page=16,BBC Somali
https://www.bbc.com/somali/articles/c989vzv2ljzo,saynis_iyo_caafimaad,16,https://www.bbc.com/somali/topics/c2dr4lek2r9t?page=16,BBC Somali
https://www.bbc.com/somali/articles/c72yk40z610o,saynis_iyo_caafimaad,17,https://www.bbc.com/somali/topics/c2dr4lek2r9t?page=17,BBC Somali
https://www.bbc.com/somali/articles/cg6p9rk51peo,saynis_iyo_caafimaad,17,https://www.bbc.com/somali/topics/c2dr4lek2r9t?page=17,BBC Somali
https://www.bbc.com/somali/articles/c2lyn0wzljko,saynis_iyo_caafimaad,17,https://www.bbc.com/somali/topics/c2dr4lek2r9t?page=17,BBC Somali
https://www.bbc.com/somali/articles/cj7g3lm9lr8o,saynis_iyo_caafimaad,17,https://www.bbc.com/somali/topics/c2dr4lek2r9t?page=17,BBC Somali
https://www.bbc.com/somali/articles/c0dy9r47le1o,saynis_iyo_caafimaad,17,https://www.bbc.com/somali/topics/c2dr4lek2r9t?page=17,BBC Somali
https://www.bbc.com/somali/articles/cv2l3jprnjxo,saynis_iyo_caafimaad,17,https://www.bbc.com/somali/topics/c2dr4lek2r9t?page=17,BBC Somali
https://www.bbc.com/somali/articles/crgv26zkye7o,saynis_iyo_caafimaad,17,https://www.bbc.com/somali/topics/c2dr4lek2r9t?page=17,BBC Somali
https://www.bbc.com/somali/articles/cz5x8v5pzz5o,saynis_iyo_caafimaad,17,https://www.bbc.com/somali/topics/c2dr4lek2r9t?page=17,BBC Somali
https://www.bbc.com/somali/articles/cqq1zeewerko,saynis_iyo_caafimaad,17,https://www.bbc.com/somali/topics/c2dr4lek2r9t?page=17,BBC Somali
https://www.bbc.com/somali/articles/c97n91lgy08o,saynis_iyo_caafimaad,17,https://www.bbc.com/somali/topics/c2dr4lek2r9t?page=17,BBC Somali
https://www.bbc.com/somali/articles/c51zgydmel2o,saynis_iyo_caafimaad,17,https://www.bbc.com/somali/topics/c2dr4lek2r9t?page=17,BBC Somali
https://www.bbc.com/somali/articles/cy623g9982vo,saynis_iyo_caafimaad,17,https://www.bbc.com/somali/topics/c2dr4lek2r9t?page=17,BBC Somali
https://www.bbc.com/somali/articles/cv2zlywqz0zo,saynis_iyo_caafimaad,17,https://www.bbc.com/somali/topics/c2dr4lek2r9t?page=17,BBC Somali
https://www.bbc.com/somali/articles/czkj14813zzo,saynis_iyo_caafimaad,17,https://www.bbc.com/somali/topics/c2dr4lek2r9t?page=17,BBC Somali
https://www.bbc.com/somali/articles/c84394gzgp2o,saynis_iyo_caafimaad,17,https://www.bbc.com/somali/topics/c2dr4lek2r9t?page=17,BBC Somali
https://www.bbc.com/somali/articles/cy6wnw5ned7o,saynis_iyo_caafimaad,17,https://www.bbc.com/somali/topics/c2dr4lek2r9t?page=17,BBC Somali
https://www.bbc.com/somali/articles/cp4e5vj1g0po,saynis_iyo_caafimaad,17,https://www.bbc.com/somali/topics/c2dr4lek2r9t?page=17,BBC Somali
https://www.bbc.com/somali/articles/c1e21y2plyxo,saynis_iyo_caafimaad,17,https://www.bbc.com/somali/topics/c2dr4lek2r9t?page=17,BBC Somali
https://www.bbc.com/somali/articles/cjrprxex429o,saynis_iyo_caafimaad,17,https://www.bbc.com/somali/topics/c2dr4lek2r9t?page=17,BBC Somali
https://www.bbc.com/somali/articles/cp4e2z9kqzdo,saynis_iyo_caafimaad,17,https://www.bbc.com/somali/topics/c2dr4lek2r9t?page=17,BBC Somali
https://www.bbc.com/somali/articles/c8894lpz97eo,saynis_iyo_caafimaad,17,https://www.bbc.com/somali/topics/c2dr4lek2r9t?page=17,BBC Somali
https://www.bbc.com/somali/articles/cw02egq4179o,saynis_iyo_caafimaad,18,https://www.bbc.com/somali/topics/c2dr4lek2r9t?page=18,BBC Somali
https://www.bbc.com/somali/articles/c3g3ve4v98eo,saynis_iyo_caafimaad,18,https://www.bbc.com/somali/topics/c2dr4lek2r9t?page=18,BBC Somali
https://www.bbc.com/somali/articles/c4n4zdxkpq3o,saynis_iyo_caafimaad,18,https://www.bbc.com/somali/topics/c2dr4lek2r9t?page=18,BBC Somali
https://www.bbc.com/somali/articles/cndp50nezego,saynis_iyo_caafimaad,18,https://www.bbc.com/somali/topics/c2dr4lek2r9t?page=18,BBC Somali
https://www.bbc.com/somali/articles/cm5p7rgjy93o,saynis_iyo_caafimaad,18,https://www.bbc.com/somali/topics/c2dr4lek2r9t?page=18,BBC Somali
https://www.bbc.com/somali/articles/cyj2v4wkrwvo,saynis_iyo_caafimaad,18,https://www.bbc.com/somali/topics/c2dr4lek2r9t?page=18,BBC Somali
https://www.bbc.com/somali/articles/c72vq5qlnw9o,saynis_iyo_caafimaad,18,https://www.bbc.com/somali/topics/c2dr4lek2r9t?page=18,BBC Somali
https://www.bbc.com/somali/articles/cw02w6p0217o,saynis_iyo_caafimaad,18,https://www.bbc.com/somali/topics/c2dr4lek2r9t?page=18,BBC Somali
https://www.bbc.com/somali/articles/cldp16q103vo,saynis_iyo_caafimaad,18,https://www.bbc.com/somali/topics/c2dr4lek2r9t?page=18,BBC Somali
https://www.bbc.com/somali/articles/c3g2w32947no,saynis_iyo_caafimaad,18,https://www.bbc.com/somali/topics/c2dr4lek2r9t?page=18,BBC Somali
https://www.bbc.com/somali/articles/czk2302e2p0o,saynis_iyo_caafimaad,18,https://www.bbc.com/somali/topics/c2dr4lek2r9t?page=18,BBC Somali
https://www.bbc.com/somali/articles/c729l87ddpmo,saynis_iyo_caafimaad,18,https://www.bbc.com/somali/topics/c2dr4lek2r9t?page=18,BBC Somali
https://www.bbc.com/somali/articles/c9ely0gkzv3o,saynis_iyo_caafimaad,18,https://www.bbc.com/somali/topics/c2dr4lek2r9t?page=18,BBC Somali
https://www.bbc.com/somali/articles/cv2zdx702lpo,saynis_iyo_caafimaad,18,https://www.bbc.com/somali/topics/c2dr4lek2r9t?page=18,BBC Somali
https://www.bbc.com/somali/articles/cljp3ekzlxzo,saynis_iyo_caafimaad,18,https://www.bbc.com/somali/topics/c2dr4lek2r9t?page=18,BBC Somali
https://www.bbc.com/somali/articles/ce4pr8xr3veo,saynis_iyo_caafimaad,18,https://www.bbc.com/somali/topics/c2dr4lek2r9t?page=18,BBC Somali
https://www.bbc.com/somali/articles/ce9pylpne96o,saynis_iyo_caafimaad,18,https://www.bbc.com/somali/topics/c2dr4lek2r9t?page=18,BBC Somali
https://www.bbc.com/somali/articles/cyd2401d1lmo,saynis_iyo_caafimaad,18,https://www.bbc.com/somali/topics/c2dr4lek2r9t?page=18,BBC Somali
https://www.bbc.com/somali/articles/cp0pdzp02y7o,saynis_iyo_caafimaad,18,https://www.bbc.com/somali/topics/c2dr4lek2r9t?page=18,BBC Somali
https://www.bbc.com/somali/articles/cpvpnxkwxd9o,saynis_iyo_caafimaad,18,https://www.bbc.com/somali/topics/c2dr4lek2r9t?page=18,BBC Somali
https://www.bbc.com/somali/articles/c6p4d2r1z2go,saynis_iyo_caafimaad,19,https://www.bbc.com/somali/topics/c2dr4lek2r9t?page=19,BBC Somali
https://www.bbc.com/somali/articles/ckmexn8l7dmo,saynis_iyo_caafimaad,19,https://www.bbc.com/somali/topics/c2dr4lek2r9t?page=19,BBC Somali
https://www.bbc.com/somali/articles/cpw584ny9jwo,saynis_iyo_caafimaad,19,https://www.bbc.com/somali/topics/c2dr4lek2r9t?page=19,BBC Somali
https://www.bbc.com/somali/articles/c3g3z79l38mo,saynis_iyo_caafimaad,19,https://www.bbc.com/somali/topics/c2dr4lek2r9t?page=19,BBC Somali
https://www.bbc.com/somali/articles/cqlwq1jjl80o,saynis_iyo_caafimaad,19,https://www.bbc.com/somali/topics/c2dr4lek2r9t?page=19,BBC Somali
https://www.bbc.com/somali/articles/c9742n74q8po,saynis_iyo_caafimaad,19,https://www.bbc.com/somali/topics/c2dr4lek2r9t?page=19,BBC Somali
https://www.bbc.com/somali/articles/cmj554dgmxko,saynis_iyo_caafimaad,19,https://www.bbc.com/somali/topics/c2dr4lek2r9t?page=19,BBC Somali
https://www.bbc.com/somali/articles/crg1qrlzpq0o,saynis_iyo_caafimaad,19,https://www.bbc.com/somali/topics/c2dr4lek2r9t?page=19,BBC Somali
https://www.bbc.com/somali/articles/czd0nylep3qo,saynis_iyo_caafimaad,19,https://www.bbc.com/somali/topics/c2dr4lek2r9t?page=19,BBC Somali
https://www.bbc.com/somali/articles/cv2knvxwwlqo,saynis_iyo_caafimaad,19,https://www.bbc.com/somali/topics/c2dr4lek2r9t?page=19,BBC Somali
https://www.bbc.com/somali/articles/cg301y9nd5zo,saynis_iyo_caafimaad,19,https://www.bbc.com/somali/topics/c2dr4lek2r9t?page=19,BBC Somali
https://www.bbc.com/somali/articles/c4nvyrrezmmo,saynis_iyo_caafimaad,19,https://www.bbc.com/somali/topics/c2dr4lek2r9t?page=19,BBC Somali
https://www.bbc.com/somali/articles/c72mn8zvk1po,saynis_iyo_caafimaad,19,https://www.bbc.com/somali/topics/c2dr4lek2r9t?page=19,BBC Somali
https://www.bbc.com/somali/articles/cgl35j1nkzyo,saynis_iyo_caafimaad,19,https://www.bbc.com/somali/topics/c2dr4lek2r9t?page=19,BBC Somali
https://www.bbc.com/somali/articles/ce4wp289495o,saynis_iyo_caafimaad,19,https://www.bbc.com/somali/topics/c2dr4lek2r9t?page=19,BBC Somali
https://www.bbc.com/somali/articles/cp06everjjzo,saynis_iyo_caafimaad,19,https://www.bbc.com/somali/topics/c2dr4lek2r9t?page=19,BBC Somali
https://www.bbc.com/somali/articles/cgelpwyr5ypo,saynis_iyo_caafimaad,19,https://www.bbc.com/somali/topics/c2dr4lek2r9t?page=19,BBC Somali
https://www.bbc.com/somali/articles/cprx52dvg9go,saynis_iyo_caafimaad,19,https://www.bbc.com/somali/topics/c2dr4lek2r9t?page=19,BBC Somali
https://www.bbc.com/somali/articles/cnevyl8gzjjo,saynis_iyo_caafimaad,19,https://www.bbc.com/somali/topics/c2dr4lek2r9t?page=19,BBC Somali
https://www.bbc.com/somali/articles/cxedl9n0k1lo,saynis_iyo_caafimaad,19,https://www.bbc.com/somali/topics/c2dr4lek2r9t?page=19,BBC Somali
https://www.bbc.com/somali/articles/c109mn6e2p9o,saynis_iyo_caafimaad,19,https://www.bbc.com/somali/topics/c2dr4lek2r9t?page=19,BBC Somali
https://www.bbc.com/somali/articles/cyd92j8947no,saynis_iyo_caafimaad,20,https://www.bbc.com/somali/topics/c2dr4lek2r9t?page=20,BBC Somali
https://www.bbc.com/somali/articles/cxxd743j1ydo,saynis_iyo_caafimaad,20,https://www.bbc.com/somali/topics/c2dr4lek2r9t?page=20,BBC Somali
https://www.bbc.com/somali/articles/cqeq5y2y822o,saynis_iyo_caafimaad,20,https://www.bbc.com/somali/topics/c2dr4lek2r9t?page=20,BBC Somali
https://www.bbc.com/somali/articles/c98500790j3o,saynis_iyo_caafimaad,20,https://www.bbc.com/somali/topics/c2dr4lek2r9t?page=20,BBC Somali
https://www.bbc.com/somali/articles/cgxgnxe149go,saynis_iyo_caafimaad,20,https://www.bbc.com/somali/topics/c2dr4lek2r9t?page=20,BBC Somali
https://www.bbc.com/somali/articles/cj79pn7dle4o,saynis_iyo_caafimaad,20,https://www.bbc.com/somali/topics/c2dr4lek2r9t?page=20,BBC Somali
https://www.bbc.com/somali/articles/cx0884p0lv3o,saynis_iyo_caafimaad,20,https://www.bbc.com/somali/topics/c2dr4lek2r9t?page=20,BBC Somali
https://www.bbc.com/somali/articles/crg46y1p552o,saynis_iyo_caafimaad,20,https://www.bbc.com/somali/topics/c2dr4lek2r9t?page=20,BBC Somali
https://www.bbc.com/somali/articles/c3gl5d2p9xgo,saynis_iyo_caafimaad,20,https://www.bbc.com/somali/topics/c2dr4lek2r9t?page=20,BBC Somali
https://www.bbc.com/somali/articles/cxrlrr7v570o,saynis_iyo_caafimaad,20,https://www.bbc.com/somali/topics/c2dr4lek2r9t?page=20,BBC Somali
https://www.bbc.com/somali/articles/c4nq3jx039lo,saynis_iyo_caafimaad,20,https://www.bbc.com/somali/topics/c2dr4lek2r9t?page=20,BBC Somali
https://www.bbc.com/somali/articles/cyd1ygzlj75o,saynis_iyo_caafimaad,20,https://www.bbc.com/somali/topics/c2dr4lek2r9t?page=20,BBC Somali
https://www.bbc.com/somali/articles/c51xrz7881ko,saynis_iyo_caafimaad,20,https://www.bbc.com/somali/topics/c2dr4lek2r9t?page=20,BBC Somali
https://www.bbc.com/somali/articles/cj5dl0me382o,saynis_iyo_caafimaad,20,https://www.bbc.com/somali/topics/c2dr4lek2r9t?page=20,BBC Somali
https://www.bbc.com/somali/articles/cg3eg89lz10o,saynis_iyo_caafimaad,20,https://www.bbc.com/somali/topics/c2dr4lek2r9t?page=20,BBC Somali
https://www.bbc.com/somali/articles/cek4x10377ko,saynis_iyo_caafimaad,20,https://www.bbc.com/somali/topics/c2dr4lek2r9t?page=20,BBC Somali
https://www.bbc.com/somali/articles/cv2vglmz3d8o,saynis_iyo_caafimaad,20,https://www.bbc.com/somali/topics/c2dr4lek2r9t?page=20,BBC Somali
https://www.bbc.com/somali/articles/c19r79mgwlno,saynis_iyo_caafimaad,20,https://www.bbc.com/somali/topics/c2dr4lek2r9t?page=20,BBC Somali
https://www.bbc.com/somali/articles/cne8nzkzvkno,saynis_iyo_caafimaad,20,https://www.bbc.com/somali/topics/c2dr4lek2r9t?page=20,BBC Somali
https://www.bbc.com/somali/articles/cv23vkvpjqeo,saynis_iyo_caafimaad,20,https://www.bbc.com/somali/topics/c2dr4lek2r9t?page=20,BBC Somali
https://www.bbc.com/somali/articles/c51vpv10x9vo,saynis_iyo_caafimaad,20,https://www.bbc.com/somali/topics/c2dr4lek2r9t?page=20,BBC Somali
https://www.bbc.com/somali/articles/czd0wyg8kq8o,saynis_iyo_caafimaad,20,https://www.bbc.com/somali/topics/c2dr4lek2r9t?page=20,BBC Somali
https://www.bbc.com/somali/articles/cd104gd0rryo,saynis_iyo_caafimaad,20,https://www.bbc.com/somali/topics/c2dr4lek2r9t?page=20,BBC Somali
https://www.bbc.com/somali/articles/c6p07g3y3pwo,saynis_iyo_caafimaad,21,https://www.bbc.com/somali/topics/c2dr4lek2r9t?page=21,BBC Somali
https://www.bbc.com/somali/articles/cn0z4p428yno,saynis_iyo_caafimaad,21,https://www.bbc.com/somali/topics/c2dr4lek2r9t?page=21,BBC Somali
https://www.bbc.com/somali/articles/c72e6e6p2p3o,saynis_iyo_caafimaad,21,https://www.bbc.com/somali/topics/c2dr4lek2r9t?page=21,BBC Somali
https://www.bbc.com/somali/articles/c72xjeq4pg0o,saynis_iyo_caafimaad,21,https://www.bbc.com/somali/topics/c2dr4lek2r9t?page=21,BBC Somali
https://www.bbc.com/somali/articles/cnlyledwrkwo,saynis_iyo_caafimaad,21,https://www.bbc.com/somali/topics/c2dr4lek2r9t?page=21,BBC Somali
https://www.bbc.com/somali/articles/cw9g7l4glxzo,saynis_iyo_caafimaad,21,https://www.bbc.com/somali/topics/c2dr4lek2r9t?page=21,BBC Somali
https://www.bbc.com/somali/articles/cllg8gvdl3go,saynis_iyo_caafimaad,21,https://www.bbc.com/somali/topics/c2dr4lek2r9t?page=21,BBC Somali
https://www.bbc.com/somali/articles/cpwywzlzpzdo,saynis_iyo_caafimaad,21,https://www.bbc.com/somali/topics/c2dr4lek2r9t?page=21,BBC Somali
https://www.bbc.com/somali/articles/cpdj9p952jjo,saynis_iyo_caafimaad,21,https://www.bbc.com/somali/topics/c2dr4lek2r9t?page=21,BBC Somali
https://www.bbc.com/somali/articles/cg38y0l3jxqo,saynis_iyo_caafimaad,21,https://www.bbc.com/somali/topics/c2dr4lek2r9t?page=21,BBC Somali
https://www.bbc.com/somali/articles/cq5dwnxj1y0o,saynis_iyo_caafimaad,21,https://www.bbc.com/somali/topics/c2dr4lek2r9t?page=21,BBC Somali
https://www.bbc.com/somali/articles/cv28dkjpne9o,saynis_iyo_caafimaad,21,https://www.bbc.com/somali/topics/c2dr4lek2r9t?page=21,BBC Somali
https://www.bbc.com/somali/articles/c99xeze4q1lo,saynis_iyo_caafimaad,21,https://www.bbc.com/somali/topics/c2dr4lek2r9t?page=21,BBC Somali
https://www.bbc.com/somali/articles/c72egr94pv2o,saynis_iyo_caafimaad,21,https://www.bbc.com/somali/topics/c2dr4lek2r9t?page=21,BBC Somali
https://www.bbc.com/somali/articles/c9r1e52966do,saynis_iyo_caafimaad,21,https://www.bbc.com/somali/topics/c2dr4lek2r9t?page=21,BBC Somali
https://www.bbc.com/somali/articles/c3gzq1qvgd0o,saynis_iyo_caafimaad,21,https://www.bbc.com/somali/topics/c2dr4lek2r9t?page=21,BBC Somali
https://www.bbc.com/somali/articles/c72lp0dw961o,saynis_iyo_caafimaad,21,https://www.bbc.com/somali/topics/c2dr4lek2r9t?page=21,BBC Somali
https://www.bbc.com/somali/articles/cpwypjz48g5o,saynis_iyo_caafimaad,21,https://www.bbc.com/somali/topics/c2dr4lek2r9t?page=21,BBC Somali
https://www.bbc.com/somali/articles/c4nv161qn6do,saynis_iyo_caafimaad,21,https://www.bbc.com/somali/topics/c2dr4lek2r9t?page=21,BBC Somali
https://www.bbc.com/somali/articles/clwxg374j8ro,saynis_iyo_caafimaad,21,https://www.bbc.com/somali/topics/c2dr4lek2r9t?page=21,BBC Somali
https://www.bbc.com/somali/articles/c10z7v9leevo,saynis_iyo_caafimaad,22,https://www.bbc.com/somali/topics/c2dr4lek2r9t?page=22,BBC Somali
https://www.bbc.com/somali/articles/cw915j9z7w0o,saynis_iyo_caafimaad,22,https://www.bbc.com/somali/topics/c2dr4lek2r9t?page=22,BBC Somali
https://www.bbc.com/somali/articles/cglyngplm99o,saynis_iyo_caafimaad,22,https://www.bbc.com/somali/topics/c2dr4lek2r9t?page=22,BBC Somali
https://www.bbc.com/somali/articles/ce7ew9w092xo,saynis_iyo_caafimaad,22,https://www.bbc.com/somali/topics/c2dr4lek2r9t?page=22,BBC Somali
https://www.bbc.com/somali/articles/c4n094mepr8o,saynis_iyo_caafimaad,22,https://www.bbc.com/somali/topics/c2dr4lek2r9t?page=22,BBC Somali
https://www.bbc.com/somali/articles/cevj9l7e041o,saynis_iyo_caafimaad,22,https://www.bbc.com/somali/topics/c2dr4lek2r9t?page=22,BBC Somali
https://www.bbc.com/somali/articles/c72900z3gxeo,saynis_iyo_caafimaad,22,https://www.bbc.com/somali/topics/c2dr4lek2r9t?page=22,BBC Somali
https://www.bbc.com/somali/articles/cjq1x07q7zyo,saynis_iyo_caafimaad,22,https://www.bbc.com/somali/topics/c2dr4lek2r9t?page=22,BBC Somali
https://www.bbc.com/somali/articles/c3g86gj2517o,saynis_iyo_caafimaad,22,https://www.bbc.com/somali/topics/c2dr4lek2r9t?page=22,BBC Somali
https://www.bbc.com/somali/articles/cj51539gy81o,saynis_iyo_caafimaad,22,https://www.bbc.com/somali/topics/c2dr4lek2r9t?page=22,BBC Somali
https://www.bbc.com/somali/articles/cy6ydljjnv6o,saynis_iyo_caafimaad,22,https://www.bbc.com/somali/topics/c2dr4lek2r9t?page=22,BBC Somali
https://www.bbc.com/somali/articles/cqvyjj1j300o,saynis_iyo_caafimaad,22,https://www.bbc.com/somali/topics/c2dr4lek2r9t?page=22,BBC Somali
https://www.bbc.com/somali/articles/c720mp48yq7o,saynis_iyo_caafimaad,22,https://www.bbc.com/somali/topics/c2dr4lek2r9t?page=22,BBC Somali
https://www.bbc.com/somali/articles/c729gw88grxo,saynis_iyo_caafimaad,22,https://www.bbc.com/somali/topics/c2dr4lek2r9t?page=22,BBC Somali
https://www.bbc.com/somali/articles/cl4dr60n6lzo,saynis_iyo_caafimaad,22,https://www.bbc.com/somali/topics/c2dr4lek2r9t?page=22,BBC Somali
https://www.bbc.com/somali/articles/cpdkpmyvk15o,saynis_iyo_caafimaad,22,https://www.bbc.com/somali/topics/c2dr4lek2r9t?page=22,BBC Somali
https://www.bbc.com/somali/articles/c0j5vqxy029o,saynis_iyo_caafimaad,22,https://www.bbc.com/somali/topics/c2dr4lek2r9t?page=22,BBC Somali
https://www.bbc.com/somali/articles/c2eggz7de6po,saynis_iyo_caafimaad,22,https://www.bbc.com/somali/topics/c2dr4lek2r9t?page=22,BBC Somali
https://www.bbc.com/somali/articles/crge9zznj9no,saynis_iyo_caafimaad,22,https://www.bbc.com/somali/topics/c2dr4lek2r9t?page=22,BBC Somali
https://www.bbc.com/somali/articles/cev8j4nvlvvo,saynis_iyo_caafimaad,22,https://www.bbc.com/somali/topics/c2dr4lek2r9t?page=22,BBC Somali
https://www.bbc.com/somali/articles/ceqw67jy0q7o,saynis_iyo_caafimaad,22,https://www.bbc.com/somali/topics/c2dr4lek2r9t?page=22,BBC Somali
https://www.bbc.com/somali/articles/ce5n51r78x4o,saynis_iyo_caafimaad,22,https://www.bbc.com/somali/topics/c2dr4lek2r9t?page=22,BBC Somali
https://www.bbc.com/somali/articles/c2974wwp2wdo,saynis_iyo_caafimaad,22,https://www.bbc.com/somali/topics/c2dr4lek2r9t?page=22,BBC Somali
https://www.bbc.com/somali/articles/cjlxkew0g83o,saynis_iyo_caafimaad,23,https://www.bbc.com/somali/topics/c2dr4lek2r9t?page=23,BBC Somali
https://www.bbc.com/somali/articles/cw9wwvyj8jwo,saynis_iyo_caafimaad,23,https://www.bbc.com/somali/topics/c2dr4lek2r9t?page=23,BBC Somali
https://www.bbc.com/somali/articles/cml1yw41pv4o,saynis_iyo_caafimaad,23,https://www.bbc.com/somali/topics/c2dr4lek2r9t?page=23,BBC Somali
https://www.bbc.com/somali/articles/c887nlelg5wo,saynis_iyo_caafimaad,23,https://www.bbc.com/somali/topics/c2dr4lek2r9t?page=23,BBC Somali
https://www.bbc.com/somali/articles/cqle9exj1k0o,saynis_iyo_caafimaad,23,https://www.bbc.com/somali/topics/c2dr4lek2r9t?page=23,BBC Somali
https://www.bbc.com/somali/articles/c88xl4n8z99o,saynis_iyo_caafimaad,23,https://www.bbc.com/somali/topics/c2dr4lek2r9t?page=23,BBC Somali
https://www.bbc.com/somali/articles/cxxy2x34d1jo,saynis_iyo_caafimaad,23,https://www.bbc.com/somali/topics/c2dr4lek2r9t?page=23,BBC Somali
https://www.bbc.com/somali/articles/crg7706dkv6o,saynis_iyo_caafimaad,23,https://www.bbc.com/somali/topics/c2dr4lek2r9t?page=23,BBC Somali
https://www.bbc.com/somali/articles/c1vz0eqw6pvo,saynis_iyo_caafimaad,23,https://www.bbc.com/somali/topics/c2dr4lek2r9t?page=23,BBC Somali
https://www.bbc.com/somali/articles/c0wq0yeggzko,saynis_iyo_caafimaad,23,https://www.bbc.com/somali/topics/c2dr4lek2r9t?page=23,BBC Somali
https://www.bbc.com/somali/articles/cy64dqz0w59o,saynis_iyo_caafimaad,23,https://www.bbc.com/somali/topics/c2dr4lek2r9t?page=23,BBC Somali
https://www.bbc.com/somali/articles/c0kpj8wegrgo,saynis_iyo_caafimaad,23,https://www.bbc.com/somali/topics/c2dr4lek2r9t?page=23,BBC Somali
https://www.bbc.com/somali/articles/cnk04zggkvvo,saynis_iyo_caafimaad,23,https://www.bbc.com/somali/topics/c2dr4lek2r9t?page=23,BBC Somali
https://www.bbc.com/somali/articles/cv24ekl9m2po,saynis_iyo_caafimaad,23,https://www.bbc.com/somali/topics/c2dr4lek2r9t?page=23,BBC Somali
https://www.bbc.com/somali/articles/c3gpvg0yjg1o,saynis_iyo_caafimaad,23,https://www.bbc.com/somali/topics/c2dr4lek2r9t?page=23,BBC Somali
https://www.bbc.com/somali/articles/c84r04zjmz0o,saynis_iyo_caafimaad,23,https://www.bbc.com/somali/topics/c2dr4lek2r9t?page=23,BBC Somali
https://www.bbc.com/somali/articles/ceqxvjlwqypo,saynis_iyo_caafimaad,23,https://www.bbc.com/somali/topics/c2dr4lek2r9t?page=23,BBC Somali
https://www.bbc.com/somali/articles/c98nr5wq11po,saynis_iyo_caafimaad,23,https://www.bbc.com/somali/topics/c2dr4lek2r9t?page=23,BBC Somali
https://www.bbc.com/somali/articles/cjmzrr1wk74o,saynis_iyo_caafimaad,23,https://www.bbc.com/somali/topics/c2dr4lek2r9t?page=23,BBC Somali
https://www.bbc.com/somali/articles/c51q9v03x35o,saynis_iyo_caafimaad,23,https://www.bbc.com/somali/topics/c2dr4lek2r9t?page=23,BBC Somali
https://www.bbc.com/somali/articles/c1rgj2n43nzo,saynis_iyo_caafimaad,23,https://www.bbc.com/somali/topics/c2dr4lek2r9t?page=23,BBC Somali
https://www.bbc.com/somali/articles/cgr14qlyvdyo,saynis_iyo_caafimaad,23,https://www.bbc.com/somali/topics/c2dr4lek2r9t?page=23,BBC Somali
https://www.bbc.com/somali/articles/cek3j10818lo,saynis_iyo_caafimaad,24,https://www.bbc.com/somali/topics/c2dr4lek2r9t?page=24,BBC Somali
https://www.bbc.com/somali/articles/c3g3d6x35zzo,saynis_iyo_caafimaad,24,https://www.bbc.com/somali/topics/c2dr4lek2r9t?page=24,BBC Somali
https://www.bbc.com/somali/articles/c3gz1zly5v8o,saynis_iyo_caafimaad,24,https://www.bbc.com/somali/topics/c2dr4lek2r9t?page=24,BBC Somali
https://www.bbc.com/somali/articles/c6p5zxekv12o,saynis_iyo_caafimaad,24,https://www.bbc.com/somali/topics/c2dr4lek2r9t?page=24,BBC Somali
https://www.bbc.com/somali/articles/c1w012xnqyxo,saynis_iyo_caafimaad,24,https://www.bbc.com/somali/topics/c2dr4lek2r9t?page=24,BBC Somali
https://www.bbc.com/somali/articles/cd1nj2j82zqo,saynis_iyo_caafimaad,24,https://www.bbc.com/somali/topics/c2dr4lek2r9t?page=24,BBC Somali
https://www.bbc.com/somali/articles/cd1dppp59m9o,saynis_iyo_caafimaad,24,https://www.bbc.com/somali/topics/c2dr4lek2r9t?page=24,BBC Somali
https://www.bbc.com/somali/articles/c724xg9kz93o,saynis_iyo_caafimaad,24,https://www.bbc.com/somali/topics/c2dr4lek2r9t?page=24,BBC Somali
https://www.bbc.com/somali/articles/ckm5myg7emzo,saynis_iyo_caafimaad,24,https://www.bbc.com/somali/topics/c2dr4lek2r9t?page=24,BBC Somali
https://www.bbc.com/somali/articles/c03glj9kr02o,saynis_iyo_caafimaad,24,https://www.bbc.com/somali/topics/c2dr4lek2r9t?page=24,BBC Somali
https://www.bbc.com/somali/articles/c290x44zn9lo,saynis_iyo_caafimaad,24,https://www.bbc.com/somali/topics/c2dr4lek2r9t?page=24,BBC Somali
https://www.bbc.com/somali/articles/cprv4glj8gro,saynis_iyo_caafimaad,24,https://www.bbc.com/somali/topics/c2dr4lek2r9t?page=24,BBC Somali
https://www.bbc.com/somali/articles/ce959z3rwevo,saynis_iyo_caafimaad,24,https://www.bbc.com/somali/topics/c2dr4lek2r9t?page=24,BBC Somali
https://www.bbc.com/somali/articles/c3g4el31q5go,saynis_iyo_caafimaad,24,https://www.bbc.com/somali/topics/c2dr4lek2r9t?page=24,BBC Somali
https://www.bbc.com/somali/articles/c03ndz5p3wjo,saynis_iyo_caafimaad,24,https://www.bbc.com/somali/topics/c2dr4lek2r9t?page=24,BBC Somali
https://www.bbc.com/somali/articles/c2x608d4gkgo,saynis_iyo_caafimaad,24,https://www.bbc.com/somali/topics/c2dr4lek2r9t?page=24,BBC Somali
https://www.bbc.com/somali/articles/c0d9284py21o,saynis_iyo_caafimaad,24,https://www.bbc.com/somali/topics/c2dr4lek2r9t?page=24,BBC Somali
https://www.bbc.com/somali/articles/czr4970edd7o,saynis_iyo_caafimaad,24,https://www.bbc.com/somali/topics/c2dr4lek2r9t?page=24,BBC Somali
https://www.bbc.com/somali/articles/cgr080d27q2o,saynis_iyo_caafimaad,24,https://www.bbc.com/somali/topics/c2dr4lek2r9t?page=24,BBC Somali
https://www.bbc.com/somali/articles/c03629m0zlpo,saynis_iyo_caafimaad,24,https://www.bbc.com/somali/topics/c2dr4lek2r9t?page=24,BBC Somali
https://www.bbc.com/somali/articles/cv2dekrkgyro,saynis_iyo_caafimaad,24,https://www.bbc.com/somali/topics/c2dr4lek2r9t?page=24,BBC Somali
https://www.bbc.com/somali/articles/cmlv31p08wjo,saynis_iyo_caafimaad,24,https://www.bbc.com/somali/topics/c2dr4lek2r9t?page=24,BBC Somali
https://www.bbc.com/somali/articles/cjjng0x6z3no,saynis_iyo_caafimaad,24,https://www.bbc.com/somali/topics/c2dr4lek2r9t?page=24,BBC Somali
https://www.bbc.com/somali/articles/czr3k7yvplyo,saynis_iyo_caafimaad,25,https://www.bbc.com/somali/topics/c2dr4lek2r9t?page=25,BBC Somali
https://www.bbc.com/somali/articles/cxx9jnn61zdo,saynis_iyo_caafimaad,25,https://www.bbc.com/somali/topics/c2dr4lek2r9t?page=25,BBC Somali
https://www.bbc.com/somali/articles/cm57z1n40vno,saynis_iyo_caafimaad,25,https://www.bbc.com/somali/topics/c2dr4lek2r9t?page=25,BBC Somali
https://www.bbc.com/somali/articles/cp3n5dzk54jo,saynis_iyo_caafimaad,25,https://www.bbc.com/somali/topics/c2dr4lek2r9t?page=25,BBC Somali
https://www.bbc.com/somali/articles/clmryy0mpkdo,saynis_iyo_caafimaad,25,https://www.bbc.com/somali/topics/c2dr4lek2r9t?page=25,BBC Somali
https://www.bbc.com/somali/articles/cevg1r1p11qo,saynis_iyo_caafimaad,25,https://www.bbc.com/somali/topics/c2dr4lek2r9t?page=25,BBC Somali
https://www.bbc.com/somali/articles/cp6kkw0xgyxo,saynis_iyo_caafimaad,25,https://www.bbc.com/somali/topics/c2dr4lek2r9t?page=25,BBC Somali
https://www.bbc.com/somali/articles/cy0xy0vx88zo,saynis_iyo_caafimaad,25,https://www.bbc.com/somali/topics/c2dr4lek2r9t?page=25,BBC Somali
https://www.bbc.com/somali/articles/c9x1ryzdj7zo,saynis_iyo_caafimaad,25,https://www.bbc.com/somali/topics/c2dr4lek2r9t?page=25,BBC Somali
https://www.bbc.com/somali/articles/c987yv9qr58o,saynis_iyo_caafimaad,25,https://www.bbc.com/somali/topics/c2dr4lek2r9t?page=25,BBC Somali
https://www.bbc.com/somali/articles/cjjv98vdj59o,saynis_iyo_caafimaad,25,https://www.bbc.com/somali/topics/c2dr4lek2r9t?page=25,BBC Somali
https://www.bbc.com/somali/articles/ckdx8q8nx89o,saynis_iyo_caafimaad,25,https://www.bbc.com/somali/topics/c2dr4lek2r9t?page=25,BBC Somali
https://www.bbc.com/somali/articles/c2eq3eel6p4o,saynis_iyo_caafimaad,25,https://www.bbc.com/somali/topics/c2dr4lek2r9t?page=25,BBC Somali
https://www.bbc.com/somali/articles/ce5y0586nmlo,saynis_iyo_caafimaad,25,https://www.bbc.com/somali/topics/c2dr4lek2r9t?page=25,BBC Somali
https://www.bbc.com/somali/articles/c251x9xnvz2o,saynis_iyo_caafimaad,25,https://www.bbc.com/somali/topics/c2dr4lek2r9t?page=25,BBC Somali
https://www.bbc.com/somali/articles/cd1ew095947o,saynis_iyo_caafimaad,25,https://www.bbc.com/somali/topics/c2dr4lek2r9t?page=25,BBC Somali
https://www.bbc.com/somali/articles/cw063rg9p41o,saynis_iyo_caafimaad,25,https://www.bbc.com/somali/topics/c2dr4lek2r9t?page=25,BBC Somali
https://www.bbc.com/somali/articles/c1dgx16xp70o,fan_iyo_dhaqan,1,https://www.bbc.com/somali/topics/cwy5g18443dt?page=1,BBC Somali
https://www.bbc.com/somali/articles/cdj89vkzgl7o,fan_iyo_dhaqan,1,https://www.bbc.com/somali/topics/cwy5g18443dt?page=1,BBC Somali
https://www.bbc.com/somali/articles/cd9zyx3ly2xo,fan_iyo_dhaqan,1,https://www.bbc.com/somali/topics/cwy5g18443dt?page=1,BBC Somali
https://www.bbc.com/somali/articles/ce8mgryjn66o,fan_iyo_dhaqan,1,https://www.bbc.com/somali/topics/cwy5g18443dt?page=1,BBC Somali
https://www.bbc.com/somali/articles/ce3kxg0e2zlo,fan_iyo_dhaqan,1,https://www.bbc.com/somali/topics/cwy5g18443dt?page=1,BBC Somali
https://www.bbc.com/somali/articles/cge5wl3n948o,fan_iyo_dhaqan,1,https://www.bbc.com/somali/topics/cwy5g18443dt?page=1,BBC Somali
https://www.bbc.com/somali/articles/cj972yd2xldo,fan_iyo_dhaqan,1,https://www.bbc.com/somali/topics/cwy5g18443dt?page=1,BBC Somali
https://www.bbc.com/somali/articles/c78x70v2mr2o,fan_iyo_dhaqan,1,https://www.bbc.com/somali/topics/cwy5g18443dt?page=1,BBC Somali
https://www.bbc.com/somali/articles/cwyvy5jx9kpo,fan_iyo_dhaqan,1,https://www.bbc.com/somali/topics/cwy5g18443dt?page=1,BBC Somali
https://www.bbc.com/somali/articles/c0je8pg73eqo,fan_iyo_dhaqan,1,https://www.bbc.com/somali/topics/cwy5g18443dt?page=1,BBC Somali
https://www.bbc.com/somali/articles/c5ykgvegyrmo,fan_iyo_dhaqan,1,https://www.bbc.com/somali/topics/cwy5g18443dt?page=1,BBC Somali
https://www.bbc.com/somali/articles/cly1mrd14l3o,fan_iyo_dhaqan,1,https://www.bbc.com/somali/topics/cwy5g18443dt?page=1,BBC Somali
https://www.bbc.com/somali/articles/cq500d2v3vyo,fan_iyo_dhaqan,1,https://www.bbc.com/somali/topics/cwy5g18443dt?page=1,BBC Somali
https://www.bbc.com/somali/articles/cz9vwj1820do,fan_iyo_dhaqan,1,https://www.bbc.com/somali/topics/cwy5g18443dt?page=1,BBC Somali
https://www.bbc.com/somali/articles/cy0pl10rzp8o,fan_iyo_dhaqan,1,https://www.bbc.com/somali/topics/cwy5g18443dt?page=1,BBC Somali
https://www.bbc.com/somali/articles/cp3gkx7n3v1o,fan_iyo_dhaqan,2,https://www.bbc.com/somali/topics/cwy5g18443dt?page=2,BBC Somali
https://www.bbc.com/somali/articles/c1l56y06ey4o,fan_iyo_dhaqan,2,https://www.bbc.com/somali/topics/cwy5g18443dt?page=2,BBC Somali
https://www.bbc.com/somali/articles/c19kevywpk9o,fan_iyo_dhaqan,2,https://www.bbc.com/somali/topics/cwy5g18443dt?page=2,BBC Somali
https://www.bbc.com/somali/articles/cz77g0djwx5o,fan_iyo_dhaqan,2,https://www.bbc.com/somali/topics/cwy5g18443dt?page=2,BBC Somali
https://www.bbc.com/somali/articles/c9vp939ddm2o,fan_iyo_dhaqan,2,https://www.bbc.com/somali/topics/cwy5g18443dt?page=2,BBC Somali
https://www.bbc.com/somali/articles/cy76k658jjpo,fan_iyo_dhaqan,2,https://www.bbc.com/somali/topics/cwy5g18443dt?page=2,BBC Somali
https://www.bbc.com/somali/articles/c62747z0m36o,fan_iyo_dhaqan,2,https://www.bbc.com/somali/topics/cwy5g18443dt?page=2,BBC Somali
https://www.bbc.com/somali/articles/c4gxdkp0wrro,fan_iyo_dhaqan,2,https://www.bbc.com/somali/topics/cwy5g18443dt?page=2,BBC Somali
https://www.bbc.com/somali/articles/cn008e84620o,fan_iyo_dhaqan,2,https://www.bbc.com/somali/topics/cwy5g18443dt?page=2,BBC Somali
https://www.bbc.com/somali/articles/cw4ynx1wdwxo,fan_iyo_dhaqan,2,https://www.bbc.com/somali/topics/cwy5g18443dt?page=2,BBC Somali
https://www.bbc.com/somali/articles/cgkyer30v88o,fan_iyo_dhaqan,2,https://www.bbc.com/somali/topics/cwy5g18443dt?page=2,BBC Somali
https://www.bbc.com/somali/articles/c72p7j0xlgeo,fan_iyo_dhaqan,2,https://www.bbc.com/somali/topics/cwy5g18443dt?page=2,BBC Somali
https://www.bbc.com/somali/articles/c623dr26x39o,fan_iyo_dhaqan,2,https://www.bbc.com/somali/topics/cwy5g18443dt?page=2,BBC Somali
https://www.bbc.com/somali/articles/cv2y4lgrgl8o,fan_iyo_dhaqan,3,https://www.bbc.com/somali/topics/cwy5g18443dt?page=3,BBC Somali
https://www.bbc.com/somali/articles/c3gqq8dk3vxo,fan_iyo_dhaqan,3,https://www.bbc.com/somali/topics/cwy5g18443dt?page=3,BBC Somali
https://www.bbc.com/somali/articles/c803w9p3r68o,fan_iyo_dhaqan,3,https://www.bbc.com/somali/topics/cwy5g18443dt?page=3,BBC Somali
https://www.bbc.com/somali/articles/cjjx61e10ywo,fan_iyo_dhaqan,3,https://www.bbc.com/somali/topics/cwy5g18443dt?page=3,BBC Somali
https://www.bbc.com/somali/articles/cd148vdywrxo,fan_iyo_dhaqan,3,https://www.bbc.com/somali/topics/cwy5g18443dt?page=3,BBC Somali
https://www.bbc.com/somali/articles/cz5j13870k6o,fan_iyo_dhaqan,3,https://www.bbc.com/somali/topics/cwy5g18443dt?page=3,BBC Somali
https://www.bbc.com/somali/articles/cv2l7j0lje2o,fan_iyo_dhaqan,3,https://www.bbc.com/somali/topics/cwy5g18443dt?page=3,BBC Somali
https://www.bbc.com/somali/articles/c72gw1n5zkeo,fan_iyo_dhaqan,3,https://www.bbc.com/somali/topics/cwy5g18443dt?page=3,BBC Somali
https://www.bbc.com/somali/articles/cw54e97n75xo,fan_iyo_dhaqan,3,https://www.bbc.com/somali/topics/cwy5g18443dt?page=3,BBC Somali
https://www.bbc.com/somali/articles/cw4e0zwe7xlo,fan_iyo_dhaqan,3,https://www.bbc.com/somali/topics/cwy5g18443dt?page=3,BBC Somali
https://www.bbc.com/somali/articles/cgr3nx3zxp0o,fan_iyo_dhaqan,3,https://www.bbc.com/somali/topics/cwy5g18443dt?page=3,BBC Somali
https://www.bbc.com/somali/articles/c4nl5y19evzo,fan_iyo_dhaqan,3,https://www.bbc.com/somali/topics/cwy5g18443dt?page=3,BBC Somali
https://www.bbc.com/somali/articles/cq511zwgx1po,fan_iyo_dhaqan,3,https://www.bbc.com/somali/topics/cwy5g18443dt?page=3,BBC Somali
https://www.bbc.com/somali/articles/c25yypq0wnvo,fan_iyo_dhaqan,3,https://www.bbc.com/somali/topics/cwy5g18443dt?page=3,BBC Somali
https://www.bbc.com/somali/articles/c1w2y7xv4l0o,fan_iyo_dhaqan,3,https://www.bbc.com/somali/topics/cwy5g18443dt?page=3,BBC Somali
https://www.bbc.com/somali/articles/c4n389p5pqqo,fan_iyo_dhaqan,3,https://www.bbc.com/somali/topics/cwy5g18443dt?page=3,BBC Somali
https://www.bbc.com/somali/articles/cy9eqw2jexpo,fan_iyo_dhaqan,3,https://www.bbc.com/somali/topics/cwy5g18443dt?page=3,BBC Somali
https://www.bbc.com/somali/articles/cv2z4q884p0o,fan_iyo_dhaqan,4,https://www.bbc.com/somali/topics/cwy5g18443dt?page=4,BBC Somali
https://www.bbc.com/somali/articles/c2921818eypo,fan_iyo_dhaqan,4,https://www.bbc.com/somali/topics/cwy5g18443dt?page=4,BBC Somali
https://www.bbc.com/somali/articles/cg6wlpd49l2o,fan_iyo_dhaqan,4,https://www.bbc.com/somali/topics/cwy5g18443dt?page=4,BBC Somali
https://www.bbc.com/somali/articles/c9r2ywewe27o,fan_iyo_dhaqan,4,https://www.bbc.com/somali/topics/cwy5g18443dt?page=4,BBC Somali
https://www.bbc.com/somali/articles/c729gx5k5llo,fan_iyo_dhaqan,4,https://www.bbc.com/somali/topics/cwy5g18443dt?page=4,BBC Somali
https://www.bbc.com/somali/articles/c97rz80mzgqo,fan_iyo_dhaqan,4,https://www.bbc.com/somali/topics/cwy5g18443dt?page=4,BBC Somali
https://www.bbc.com/somali/articles/cjqpvg9075do,fan_iyo_dhaqan,4,https://www.bbc.com/somali/topics/cwy5g18443dt?page=4,BBC Somali
https://www.bbc.com/somali/articles/c802rx8jgdjo,fan_iyo_dhaqan,4,https://www.bbc.com/somali/topics/cwy5g18443dt?page=4,BBC Somali
https://www.bbc.com/somali/articles/cd1p7w001rlo,fan_iyo_dhaqan,4,https://www.bbc.com/somali/topics/cwy5g18443dt?page=4,BBC Somali
https://www.bbc.com/somali/articles/c51erm3jnd1o,fan_iyo_dhaqan,4,https://www.bbc.com/somali/topics/cwy5g18443dt?page=4,BBC Somali
https://www.bbc.com/somali/articles/cw0287xpk8po,fan_iyo_dhaqan,4,https://www.bbc.com/somali/topics/cwy5g18443dt?page=4,BBC Somali
https://www.bbc.com/somali/articles/cn04x47575jo,fan_iyo_dhaqan,4,https://www.bbc.com/somali/topics/cwy5g18443dt?page=4,BBC Somali
https://www.bbc.com/somali/articles/c72dk3d0gwqo,fan_iyo_dhaqan,4,https://www.bbc.com/somali/topics/cwy5g18443dt?page=4,BBC Somali
https://www.bbc.com/somali/articles/cw50xyk6vl5o,fan_iyo_dhaqan,4,https://www.bbc.com/somali/topics/cwy5g18443dt?page=4,BBC Somali
https://www.bbc.com/somali/articles/c142qvxxkkxo,fan_iyo_dhaqan,4,https://www.bbc.com/somali/topics/cwy5g18443dt?page=4,BBC Somali
https://www.bbc.com/somali/articles/c1w20v1enpdo,fan_iyo_dhaqan,4,https://www.bbc.com/somali/topics/cwy5g18443dt?page=4,BBC Somali
https://www.bbc.com/somali/articles/cx81vdvj7d4o,fan_iyo_dhaqan,4,https://www.bbc.com/somali/topics/cwy5g18443dt?page=4,BBC Somali
https://www.bbc.com/somali/articles/c3g2xe83en4o,fan_iyo_dhaqan,4,https://www.bbc.com/somali/topics/cwy5g18443dt?page=4,BBC Somali
https://www.bbc.com/somali/articles/c9w3gdlngzro,fan_iyo_dhaqan,4,https://www.bbc.com/somali/topics/cwy5g18443dt?page=4,BBC Somali
https://www.bbc.com/somali/articles/cn39591g91no,fan_iyo_dhaqan,5,https://www.bbc.com/somali/topics/cwy5g18443dt?page=5,BBC Somali
https://www.bbc.com/somali/articles/c72j043jre9o,fan_iyo_dhaqan,5,https://www.bbc.com/somali/topics/cwy5g18443dt?page=5,BBC Somali
https://www.bbc.com/somali/articles/c725w46jdxxo,fan_iyo_dhaqan,5,https://www.bbc.com/somali/topics/cwy5g18443dt?page=5,BBC Somali
https://www.bbc.com/somali/articles/cy91vy30k8lo,fan_iyo_dhaqan,5,https://www.bbc.com/somali/topics/cwy5g18443dt?page=5,BBC Somali
https://www.bbc.com/somali/articles/c4nx9x40pj7o,fan_iyo_dhaqan,5,https://www.bbc.com/somali/topics/cwy5g18443dt?page=5,BBC Somali
https://www.bbc.com/somali/articles/ck7w2pve22yo,fan_iyo_dhaqan,5,https://www.bbc.com/somali/topics/cwy5g18443dt?page=5,BBC Somali
https://www.bbc.com/somali/articles/cg308vzzxy7o,fan_iyo_dhaqan,5,https://www.bbc.com/somali/topics/cwy5g18443dt?page=5,BBC Somali
https://www.bbc.com/somali/articles/c1093y51356o,fan_iyo_dhaqan,5,https://www.bbc.com/somali/topics/cwy5g18443dt?page=5,BBC Somali
https://www.bbc.com/somali/articles/c80jpldjxzko,fan_iyo_dhaqan,5,https://www.bbc.com/somali/topics/cwy5g18443dt?page=5,BBC Somali
https://www.bbc.com/somali/articles/crg1rq953l9o,fan_iyo_dhaqan,5,https://www.bbc.com/somali/topics/cwy5g18443dt?page=5,BBC Somali
https://www.bbc.com/somali/articles/cv21k5lpggno,fan_iyo_dhaqan,5,https://www.bbc.com/somali/topics/cwy5g18443dt?page=5,BBC Somali
https://www.bbc.com/somali/articles/c6pdye9qpr1o,fan_iyo_dhaqan,5,https://www.bbc.com/somali/topics/cwy5g18443dt?page=5,BBC Somali
https://www.bbc.com/somali/articles/ck784dyp4lro,fan_iyo_dhaqan,5,https://www.bbc.com/somali/topics/cwy5g18443dt?page=5,BBC Somali
https://www.bbc.com/somali/articles/cp3r7p006kpo,fan_iyo_dhaqan,5,https://www.bbc.com/somali/topics/cwy5g18443dt?page=5,BBC Somali
https://www.bbc.com/somali/articles/cn0geg91n9ko,fan_iyo_dhaqan,5,https://www.bbc.com/somali/topics/cwy5g18443dt?page=5,BBC Somali
https://www.bbc.com/somali/articles/cekmyz5ej55o,fan_iyo_dhaqan,5,https://www.bbc.com/somali/topics/cwy5g18443dt?page=5,BBC Somali
https://www.bbc.com/somali/articles/c3g74l31d3lo,fan_iyo_dhaqan,5,https://www.bbc.com/somali/topics/cwy5g18443dt?page=5,BBC Somali
https://www.bbc.com/somali/articles/cx0evy11z1eo,fan_iyo_dhaqan,5,https://www.bbc.com/somali/topics/cwy5g18443dt?page=5,BBC Somali
https://www.bbc.com/somali/articles/cp34lzl6r0mo,fan_iyo_dhaqan,6,https://www.bbc.com/somali/topics/cwy5g18443dt?page=6,BBC Somali
https://www.bbc.com/somali/articles/c0dpevv3g40o,fan_iyo_dhaqan,6,https://www.bbc.com/somali/topics/cwy5g18443dt?page=6,BBC Somali
https://www.bbc.com/somali/articles/c9xjxdr034ro,fan_iyo_dhaqan,6,https://www.bbc.com/somali/topics/cwy5g18443dt?page=6,BBC Somali
https://www.bbc.com/somali/articles/crgk524n16yo,fan_iyo_dhaqan,6,https://www.bbc.com/somali/topics/cwy5g18443dt?page=6,BBC Somali
https://www.bbc.com/somali/articles/c6pn0x5pxdeo,fan_iyo_dhaqan,6,https://www.bbc.com/somali/topics/cwy5g18443dt?page=6,BBC Somali
https://www.bbc.com/somali/articles/cq5dwwg7ryro,fan_iyo_dhaqan,6,https://www.bbc.com/somali/topics/cwy5g18443dt?page=6,BBC Somali
https://www.bbc.com/somali/articles/c2977gp6zygo,fan_iyo_dhaqan,6,https://www.bbc.com/somali/topics/cwy5g18443dt?page=6,BBC Somali
https://www.bbc.com/somali/articles/cz9qzzy3838o,fan_iyo_dhaqan,6,https://www.bbc.com/somali/topics/cwy5g18443dt?page=6,BBC Somali
https://www.bbc.com/somali/articles/cqev301eqnno,fan_iyo_dhaqan,6,https://www.bbc.com/somali/topics/cwy5g18443dt?page=6,BBC Somali
https://www.bbc.com/somali/articles/ckmk44052k3o,fan_iyo_dhaqan,6,https://www.bbc.com/somali/topics/cwy5g18443dt?page=6,BBC Somali
https://www.bbc.com/somali/articles/cede4lxjj7yo,fan_iyo_dhaqan,6,https://www.bbc.com/somali/topics/cwy5g18443dt?page=6,BBC Somali
https://www.bbc.com/somali/articles/c720p6j3zyvo,fan_iyo_dhaqan,6,https://www.bbc.com/somali/topics/cwy5g18443dt?page=6,BBC Somali
https://www.bbc.com/somali/articles/cjk2mg6286no,fan_iyo_dhaqan,6,https://www.bbc.com/somali/topics/cwy5g18443dt?page=6,BBC Somali
https://www.bbc.com/somali/articles/cy90425w397o,fan_iyo_dhaqan,6,https://www.bbc.com/somali/topics/cwy5g18443dt?page=6,BBC Somali
https://www.bbc.com/somali/articles/c4n47r08wpzo,fan_iyo_dhaqan,6,https://www.bbc.com/somali/topics/cwy5g18443dt?page=6,BBC Somali
https://www.bbc.com/somali/articles/c3gw55pxdjxo,fan_iyo_dhaqan,6,https://www.bbc.com/somali/topics/cwy5g18443dt?page=6,BBC Somali
https://www.bbc.com/somali/articles/cpr550ln5eyo,fan_iyo_dhaqan,6,https://www.bbc.com/somali/topics/cwy5g18443dt?page=6,BBC Somali
